Team,Tm,Year,W,L,W/L%,PS/G,PA/G,SRS
Washington Bullets,WSB,1979,54,28,0.659,114.9,109.9,4.75
Seattle SuperSonics,SEA,1979,52,30,0.634,106.6,103.9,2.69
Phoenix Suns,PHO,1979,50,32,0.61,115.4,111.7,3.55
San Antonio Spurs,SAS,1979,48,34,0.585,119.3,114.1,4.97
Kansas City Kings,KCK,1979,48,34,0.585,113.1,110.2,2.73
Los Angeles Lakers,LAL,1979,47,35,0.573,112.9,109.9,2.95
Philadelphia 76ers,PHI,1979,47,35,0.573,109.5,107.7,1.74
Denver Nuggets,DEN,1979,47,35,0.573,110.7,109.5,1.24
Houston Rockets,HOU,1979,47,35,0.573,113.4,112.4,0.92
Atlanta Hawks,ATL,1979,46,36,0.561,109.1,107.1,1.92
Portland Trail Blazers,POR,1979,45,37,0.549,108.4,107.1,1.12
San Diego Clippers,SDC,1979,43,39,0.524,113.1,114.9,-1.76
Milwaukee Bucks,MIL,1979,38,44,0.463,114.1,111.8,2.12
Indiana Pacers,IND,1979,38,44,0.463,108.6,110.2,-1.41
Golden State Warriors,GSW,1979,38,44,0.463,105.1,104.8,0.46
New Jersey Nets,NJN,1979,37,45,0.451,107.7,111.9,-4.0
Chicago Bulls,CHI,1979,31,51,0.378,104.7,108.7,-3.78
New York Knicks,NYK,1979,31,51,0.378,107.7,111.1,-3.29
Cleveland Cavaliers,CLE,1979,30,52,0.366,106.5,110.2,-3.57
Detroit Pistons,DET,1979,30,52,0.366,110.0,112.7,-2.6
Boston Celtics,BOS,1979,29,53,0.354,108.2,113.3,-4.78
New Orleans Jazz,NOJ,1979,26,56,0.317,108.3,114.6,-5.97
Boston Celtics,BOS,1980,61,21,0.744,113.5,105.7,7.37
Los Angeles Lakers,LAL,1980,60,22,0.732,115.1,109.2,5.4
Philadelphia 76ers,PHI,1980,59,23,0.72,109.1,104.9,4.04
Seattle SuperSonics,SEA,1980,56,26,0.683,108.5,103.8,4.24
Phoenix Suns,PHO,1980,55,27,0.671,111.1,107.5,3.25
Atlanta Hawks,ATL,1980,50,32,0.61,104.5,101.6,2.83
Milwaukee Bucks,MIL,1980,49,33,0.598,110.1,106.1,3.57
Kansas City Kings,KCK,1980,47,35,0.573,108.0,104.9,2.82
San Antonio Spurs,SAS,1980,41,41,0.5,119.4,119.7,-0.24
Houston Rockets,HOU,1980,41,41,0.5,110.8,110.6,0.27
New York Knicks,NYK,1980,39,43,0.476,114.0,115.1,-0.96
Washington Bullets,WSB,1980,39,43,0.476,107.0,109.5,-2.27
Portland Trail Blazers,POR,1980,38,44,0.463,102.5,103.3,-0.87
Indiana Pacers,IND,1980,37,45,0.451,111.2,111.9,-0.54
Cleveland Cavaliers,CLE,1980,37,45,0.451,114.1,113.8,0.43
San Diego Clippers,SDC,1980,35,47,0.427,107.6,111.7,-3.97
New Jersey Nets,NJN,1980,34,48,0.415,108.3,109.5,-0.98
Denver Nuggets,DEN,1980,30,52,0.366,108.3,112.7,-4.22
Chicago Bulls,CHI,1980,30,52,0.366,107.5,110.2,-2.63
Utah Jazz,UTA,1980,24,58,0.293,102.4,108.4,-5.71
Golden State Warriors,GSW,1980,24,58,0.293,103.6,108.0,-4.2
Detroit Pistons,DET,1980,16,66,0.195,108.9,117.2,-7.57
Boston Celtics,BOS,1981,62,20,0.756,109.9,104.0,6.05
Philadelphia 76ers,PHI,1981,62,20,0.756,111.7,103.8,7.76
Milwaukee Bucks,MIL,1981,60,22,0.732,113.1,105.9,7.14
Phoenix Suns,PHO,1981,57,25,0.695,110.0,104.5,4.83
Los Angeles Lakers,LAL,1981,54,28,0.659,111.2,107.3,3.27
San Antonio Spurs,SAS,1981,52,30,0.634,112.3,109.4,2.18
New York Knicks,NYK,1981,50,32,0.61,107.9,106.3,2.0
Chicago Bulls,CHI,1981,45,37,0.549,109.0,107.0,2.34
Portland Trail Blazers,POR,1981,45,37,0.549,110.7,109.8,0.52
Indiana Pacers,IND,1981,44,38,0.537,107.6,106.2,1.72
Kansas City Kings,KCK,1981,40,42,0.488,106.9,106.9,-0.49
Houston Rockets,HOU,1981,40,42,0.488,108.3,107.9,-0.2
Golden State Warriors,GSW,1981,39,43,0.476,109.8,111.0,-1.41
Washington Bullets,WSB,1981,39,43,0.476,105.6,105.6,0.42
Denver Nuggets,DEN,1981,37,45,0.451,121.8,122.3,-0.95
San Diego Clippers,SDC,1981,36,46,0.439,106.5,108.1,-1.78
Seattle SuperSonics,SEA,1981,34,48,0.415,104.0,105.7,-1.84
Atlanta Hawks,ATL,1981,31,51,0.378,104.9,108.0,-2.37
Utah Jazz,UTA,1981,28,54,0.341,101.2,107.1,-5.99
Cleveland Cavaliers,CLE,1981,28,54,0.341,105.7,110.6,-4.15
New Jersey Nets,NJN,1981,24,58,0.293,106.9,113.0,-5.15
Detroit Pistons,DET,1981,21,61,0.256,99.7,106.0,-5.58
Dallas Mavericks,DAL,1981,15,67,0.183,101.5,109.9,-8.33
Boston Celtics,BOS,1982,63,19,0.768,112.0,105.6,6.35
Philadelphia 76ers,PHI,1982,58,24,0.707,111.2,105.5,5.74
Los Angeles Lakers,LAL,1982,57,25,0.695,114.6,109.8,4.37
Milwaukee Bucks,MIL,1982,55,27,0.671,108.4,102.9,5.38
Seattle SuperSonics,SEA,1982,52,30,0.634,107.3,103.1,3.69
San Antonio Spurs,SAS,1982,48,34,0.585,113.1,110.8,1.79
Denver Nuggets,DEN,1982,46,36,0.561,126.5,126.0,0.13
Houston Rockets,HOU,1982,46,36,0.561,105.9,105.9,-0.39
Phoenix Suns,PHO,1982,46,36,0.561,106.2,102.7,3.05
Golden State Warriors,GSW,1982,45,37,0.549,110.9,109.8,0.8
New Jersey Nets,NJN,1982,44,38,0.537,106.7,106.0,0.87
Washington Bullets,WSB,1982,43,39,0.524,103.5,102.6,1.06
Atlanta Hawks,ATL,1982,42,40,0.512,101.0,100.5,0.81
Portland Trail Blazers,POR,1982,42,40,0.512,109.8,109.2,0.39
Detroit Pistons,DET,1982,39,43,0.476,111.1,112.0,-0.63
Indiana Pacers,IND,1982,35,47,0.427,102.2,104.0,-1.49
Chicago Bulls,CHI,1982,34,48,0.415,106.6,108.6,-1.57
New York Knicks,NYK,1982,33,49,0.402,106.2,108.9,-2.15
Kansas City Kings,KCK,1982,30,52,0.366,107.1,110.2,-3.25
Dallas Mavericks,DAL,1982,28,54,0.341,104.6,109.0,-4.48
Utah Jazz,UTA,1982,25,57,0.305,110.9,116.6,-5.63
San Diego Clippers,SDC,1982,17,65,0.207,108.5,115.9,-7.05
Cleveland Cavaliers,CLE,1982,15,67,0.183,103.2,111.7,-7.77
Philadelphia 76ers,PHI,1983,65,17,0.793,112.1,104.4,7.53
Los Angeles Lakers,LAL,1983,58,24,0.707,115.0,109.5,5.06
Boston Celtics,BOS,1983,56,26,0.683,112.1,106.7,5.34
Phoenix Suns,PHO,1983,53,29,0.646,107.0,102.0,4.61
San Antonio Spurs,SAS,1983,53,29,0.646,114.3,110.7,3.1
Milwaukee Bucks,MIL,1983,51,31,0.622,106.6,102.2,4.32
New Jersey Nets,NJN,1983,49,33,0.598,105.8,103.0,2.77
Seattle SuperSonics,SEA,1983,48,34,0.585,110.0,106.8,2.88
Portland Trail Blazers,POR,1983,46,36,0.561,107.4,105.3,1.88
Denver Nuggets,DEN,1983,45,37,0.549,123.2,122.6,0.27
Kansas City Kings,KCK,1983,45,37,0.549,113.8,112.3,1.04
New York Knicks,NYK,1983,44,38,0.537,100.0,97.5,2.58
Atlanta Hawks,ATL,1983,43,39,0.524,101.6,102.6,-0.72
Washington Bullets,WSB,1983,42,40,0.512,99.2,99.3,0.2
Dallas Mavericks,DAL,1983,38,44,0.463,112.7,113.1,-0.7
Detroit Pistons,DET,1983,37,45,0.451,112.7,113.1,-0.17
Utah Jazz,UTA,1983,30,52,0.366,109.0,113.2,-4.22
Golden State Warriors,GSW,1983,30,52,0.366,108.6,112.3,-3.48
Chicago Bulls,CHI,1983,28,54,0.341,111.0,115.9,-4.41
San Diego Clippers,SDC,1983,25,57,0.305,108.6,113.4,-4.61
Cleveland Cavaliers,CLE,1983,23,59,0.28,97.1,104.6,-6.78
Indiana Pacers,IND,1983,20,62,0.244,108.7,114.5,-5.36
Houston Rockets,HOU,1983,14,68,0.171,99.3,110.9,-11.12
Boston Celtics,BOS,1984,62,20,0.756,112.1,105.6,6.42
Los Angeles Lakers,LAL,1984,54,28,0.659,115.6,111.8,3.32
Philadelphia 76ers,PHI,1984,52,30,0.634,107.8,105.6,2.39
Milwaukee Bucks,MIL,1984,50,32,0.61,105.7,101.5,4.04
Detroit Pistons,DET,1984,49,33,0.598,117.1,113.5,3.52
Portland Trail Blazers,POR,1984,48,34,0.585,113.1,109.6,3.13
New York Knicks,NYK,1984,47,35,0.573,106.9,103.0,3.79
Utah Jazz,UTA,1984,45,37,0.549,115.0,113.8,0.81
New Jersey Nets,NJN,1984,45,37,0.549,110.0,108.9,1.27
Dallas Mavericks,DAL,1984,43,39,0.524,110.4,110.0,0.15
Seattle SuperSonics,SEA,1984,42,40,0.512,108.1,108.3,-0.34
Phoenix Suns,PHO,1984,41,41,0.5,111.0,110.1,0.65
Atlanta Hawks,ATL,1984,40,42,0.488,101.5,102.8,-1.08
Denver Nuggets,DEN,1984,38,44,0.463,123.7,124.8,-1.27
Kansas City Kings,KCK,1984,38,44,0.463,110.0,111.5,-1.62
San Antonio Spurs,SAS,1984,37,45,0.451,120.3,120.5,-0.5
Golden State Warriors,GSW,1984,37,45,0.451,109.9,113.3,-3.35
Washington Bullets,WSB,1984,35,47,0.427,102.7,105.6,-2.36
San Diego Clippers,SDC,1984,30,52,0.366,110.7,114.0,-3.21
Houston Rockets,HOU,1984,29,53,0.354,110.6,113.7,-3.12
Cleveland Cavaliers,CLE,1984,28,54,0.341,102.3,106.5,-3.71
Chicago Bulls,CHI,1984,27,55,0.329,103.7,108.9,-4.69
Indiana Pacers,IND,1984,26,56,0.317,104.5,109.3,-4.25
Boston Celtics,BOS,1985,63,19,0.768,114.8,108.1,6.47
Los Angeles Lakers,LAL,1985,62,20,0.756,118.2,110.9,6.48
Milwaukee Bucks,MIL,1985,59,23,0.72,110.9,104.0,6.69
Philadelphia 76ers,PHI,1985,58,24,0.707,112.9,108.8,4.17
Denver Nuggets,DEN,1985,52,30,0.634,120.0,117.6,2.05
Houston Rockets,HOU,1985,48,34,0.585,111.2,109.5,1.38
Detroit Pistons,DET,1985,46,36,0.561,116.0,113.5,2.73
Dallas Mavericks,DAL,1985,44,38,0.537,111.2,109.0,1.8
New Jersey Nets,NJN,1985,42,40,0.512,109.5,109.2,0.64
Portland Trail Blazers,POR,1985,42,40,0.512,115.5,112.1,2.8
Utah Jazz,UTA,1985,41,41,0.5,109.0,109.1,-0.33
San Antonio Spurs,SAS,1985,41,41,0.5,114.8,113.9,0.63
Washington Bullets,WSB,1985,40,42,0.488,105.5,105.8,0.15
Chicago Bulls,CHI,1985,38,44,0.463,108.7,109.6,-0.5
Cleveland Cavaliers,CLE,1985,36,46,0.439,108.6,111.3,-2.27
Phoenix Suns,PHO,1985,36,46,0.439,108.0,110.1,-2.34
Atlanta Hawks,ATL,1985,34,48,0.415,106.6,108.1,-1.14
Seattle SuperSonics,SEA,1985,31,51,0.378,102.1,107.6,-5.44
Los Angeles Clippers,LAC,1985,31,51,0.378,107.1,111.6,-4.55
Kansas City Kings,KCK,1985,31,51,0.378,114.8,117.5,-2.71
New York Knicks,NYK,1985,24,58,0.293,105.2,109.8,-4.09
Indiana Pacers,IND,1985,22,60,0.268,108.3,114.5,-5.46
Golden State Warriors,GSW,1985,22,60,0.268,110.4,117.7,-7.21
Boston Celtics,BOS,1986,67,15,0.817,114.1,104.7,9.06
Los Angeles Lakers,LAL,1986,62,20,0.756,117.3,109.5,6.84
Milwaukee Bucks,MIL,1986,57,25,0.695,114.5,105.5,8.69
Philadelphia 76ers,PHI,1986,54,28,0.659,110.4,108.0,2.46
Houston Rockets,HOU,1986,51,31,0.622,114.4,111.8,2.1
Atlanta Hawks,ATL,1986,50,32,0.61,108.6,106.2,2.59
Denver Nuggets,DEN,1986,47,35,0.573,114.8,113.5,0.89
Detroit Pistons,DET,1986,46,36,0.561,114.2,113.0,1.44
Dallas Mavericks,DAL,1986,44,38,0.537,115.3,114.2,0.7
Utah Jazz,UTA,1986,42,40,0.512,108.2,108.5,-0.67
Portland Trail Blazers,POR,1986,40,42,0.488,115.1,114.0,0.61
New Jersey Nets,NJN,1986,39,43,0.476,109.1,111.1,-1.39
Washington Bullets,WSB,1986,39,43,0.476,103.0,104.8,-1.28
Sacramento Kings,SAC,1986,37,45,0.451,108.8,111.9,-3.19
San Antonio Spurs,SAS,1986,35,47,0.427,111.2,113.1,-2.06
Los Angeles Clippers,LAC,1986,32,50,0.39,108.6,115.5,-6.83
Phoenix Suns,PHO,1986,32,50,0.39,110.0,113.0,-3.16
Seattle SuperSonics,SEA,1986,31,51,0.378,104.4,104.5,-0.47
Golden State Warriors,GSW,1986,30,52,0.366,113.4,116.9,-3.59
Chicago Bulls,CHI,1986,30,52,0.366,109.3,113.1,-3.12
Cleveland Cavaliers,CLE,1986,29,53,0.354,107.8,110.6,-2.19
Indiana Pacers,IND,1986,26,56,0.317,103.9,107.2,-2.66
New York Knicks,NYK,1986,23,59,0.28,98.7,104.3,-4.82
Los Angeles Lakers,LAL,1987,65,17,0.793,117.8,108.5,8.32
Boston Celtics,BOS,1987,59,23,0.72,112.6,106.0,6.57
Atlanta Hawks,ATL,1987,57,25,0.695,110.0,102.8,7.18
Dallas Mavericks,DAL,1987,55,27,0.671,116.7,110.4,5.54
Detroit Pistons,DET,1987,52,30,0.634,111.2,107.8,3.51
Milwaukee Bucks,MIL,1987,50,32,0.61,110.4,106.5,4.04
Portland Trail Blazers,POR,1987,49,33,0.598,117.9,114.8,2.57
Philadelphia 76ers,PHI,1987,45,37,0.549,106.5,106.6,0.11
Utah Jazz,UTA,1987,44,38,0.537,107.9,107.5,0.04
Houston Rockets,HOU,1987,42,40,0.512,106.9,105.9,0.6
Washington Bullets,WSB,1987,42,40,0.512,106.0,107.3,-1.02
Golden State Warriors,GSW,1987,42,40,0.512,112.0,114.4,-2.54
Indiana Pacers,IND,1987,41,41,0.5,106.1,106.7,-0.17
Chicago Bulls,CHI,1987,40,42,0.488,104.8,103.9,1.26
Seattle SuperSonics,SEA,1987,39,43,0.476,113.7,113.3,0.08
Denver Nuggets,DEN,1987,37,45,0.451,116.7,117.6,-1.14
Phoenix Suns,PHO,1987,36,46,0.439,111.1,113.5,-2.63
Cleveland Cavaliers,CLE,1987,31,51,0.378,104.4,108.2,-3.19
Sacramento Kings,SAC,1987,29,53,0.354,110.9,114.1,-3.34
San Antonio Spurs,SAS,1987,28,54,0.341,108.3,113.4,-5.09
New York Knicks,NYK,1987,24,58,0.293,103.8,110.0,-5.42
New Jersey Nets,NJN,1987,24,58,0.293,108.5,113.5,-4.42
Los Angeles Clippers,LAC,1987,12,70,0.146,104.5,115.9,-11.0
Los Angeles Lakers,LAL,1988,62,20,0.756,112.8,107.0,4.81
Boston Celtics,BOS,1988,57,25,0.695,113.6,107.7,6.15
Detroit Pistons,DET,1988,54,28,0.659,109.2,104.1,5.46
Denver Nuggets,DEN,1988,54,28,0.659,116.7,112.7,3.32
Dallas Mavericks,DAL,1988,53,29,0.646,109.3,104.9,3.59
Portland Trail Blazers,POR,1988,53,29,0.646,116.1,111.5,3.59
Chicago Bulls,CHI,1988,50,32,0.61,105.0,101.6,3.76
Atlanta Hawks,ATL,1988,50,32,0.61,107.9,104.3,4.02
Utah Jazz,UTA,1988,47,35,0.573,108.5,104.8,2.96
Houston Rockets,HOU,1988,46,36,0.561,109.0,107.6,0.82
Seattle SuperSonics,SEA,1988,44,38,0.537,111.4,109.3,1.29
Cleveland Cavaliers,CLE,1988,42,40,0.512,104.5,103.7,1.28
Milwaukee Bucks,MIL,1988,42,40,0.512,106.1,105.5,1.21
Indiana Pacers,IND,1988,38,44,0.463,104.6,105.4,-0.18
Washington Bullets,WSB,1988,38,44,0.463,105.5,106.3,-0.16
New York Knicks,NYK,1988,38,44,0.463,105.5,106.0,0.14
Philadelphia 76ers,PHI,1988,36,46,0.439,105.7,107.1,-0.79
San Antonio Spurs,SAS,1988,31,51,0.378,113.6,118.5,-5.02
Phoenix Suns,PHO,1988,28,54,0.341,108.5,113.0,-4.8
Sacramento Kings,SAC,1988,24,58,0.293,108.0,113.7,-5.84
Golden State Warriors,GSW,1988,20,62,0.244,107.0,115.3,-8.38
New Jersey Nets,NJN,1988,19,63,0.232,100.4,108.5,-6.98
Los Angeles Clippers,LAC,1988,17,65,0.207,98.8,109.1,-10.24
Detroit Pistons,DET,1989,63,19,0.768,106.6,100.8,6.24
Los Angeles Lakers,LAL,1989,57,25,0.695,114.7,107.5,6.38
Cleveland Cavaliers,CLE,1989,57,25,0.695,108.8,101.2,7.95
Phoenix Suns,PHO,1989,55,27,0.671,118.6,110.9,6.84
New York Knicks,NYK,1989,52,30,0.634,116.7,112.9,3.62
Atlanta Hawks,ATL,1989,52,30,0.634,111.0,106.1,5.26
Utah Jazz,UTA,1989,51,31,0.622,104.7,99.7,4.01
Milwaukee Bucks,MIL,1989,49,33,0.598,108.9,105.3,4.11
Chicago Bulls,CHI,1989,47,35,0.573,106.4,105.0,2.13
Seattle SuperSonics,SEA,1989,47,35,0.573,112.1,109.2,2.44
Philadelphia 76ers,PHI,1989,46,36,0.561,111.9,110.4,1.68
Houston Rockets,HOU,1989,45,37,0.549,108.5,107.5,0.22
Denver Nuggets,DEN,1989,44,38,0.537,118.0,116.3,0.91
Golden State Warriors,GSW,1989,43,39,0.524,116.6,116.9,-0.59
Boston Celtics,BOS,1989,42,40,0.512,109.2,108.1,1.26
Washington Bullets,WSB,1989,40,42,0.488,108.3,110.4,-1.77
Portland Trail Blazers,POR,1989,39,43,0.476,114.6,113.1,0.92
Dallas Mavericks,DAL,1989,38,44,0.463,103.5,104.7,-1.79
Indiana Pacers,IND,1989,28,54,0.341,106.9,111.1,-3.0
Sacramento Kings,SAC,1989,27,55,0.329,105.5,111.0,-5.35
New Jersey Nets,NJN,1989,26,56,0.317,103.7,110.1,-5.69
San Antonio Spurs,SAS,1989,21,61,0.256,105.5,112.8,-7.45
Los Angeles Clippers,LAC,1989,21,61,0.256,106.2,116.2,-9.5
Charlotte Hornets,CHH,1989,20,62,0.244,104.5,113.0,-7.74
Miami Heat,MIA,1989,15,67,0.183,97.8,109.0,-11.13
Los Angeles Lakers,LAL,1990,63,19,0.768,110.7,103.9,6.74
Portland Trail Blazers,POR,1990,59,23,0.72,114.2,107.9,6.48
Detroit Pistons,DET,1990,59,23,0.72,104.3,98.3,5.41
San Antonio Spurs,SAS,1990,56,26,0.683,106.3,102.8,3.58
Chicago Bulls,CHI,1990,55,27,0.671,109.5,106.2,2.74
Utah Jazz,UTA,1990,55,27,0.671,106.8,102.0,4.82
Phoenix Suns,PHO,1990,54,28,0.659,114.9,107.8,7.09
Philadelphia 76ers,PHI,1990,53,29,0.646,110.2,105.2,4.23
Boston Celtics,BOS,1990,52,30,0.634,110.0,106.0,3.23
Dallas Mavericks,DAL,1990,47,35,0.573,102.2,102.2,0.42
New York Knicks,NYK,1990,45,37,0.549,108.3,106.9,0.78
Milwaukee Bucks,MIL,1990,44,38,0.537,106.0,106.8,-1.06
Denver Nuggets,DEN,1990,43,39,0.524,114.6,113.2,1.56
Indiana Pacers,IND,1990,42,40,0.512,109.3,109.1,-0.18
Cleveland Cavaliers,CLE,1990,42,40,0.512,102.6,102.9,-0.62
Seattle SuperSonics,SEA,1990,41,41,0.5,106.9,105.9,1.4
Houston Rockets,HOU,1990,41,41,0.5,106.7,105.3,1.71
Atlanta Hawks,ATL,1990,41,41,0.5,108.5,107.5,0.64
Golden State Warriors,GSW,1990,37,45,0.451,116.3,119.4,-2.55
Washington Bullets,WSB,1990,31,51,0.378,107.7,109.9,-2.43
Los Angeles Clippers,LAC,1990,30,52,0.366,103.8,107.2,-2.8
Sacramento Kings,SAC,1990,23,59,0.28,101.7,106.8,-4.41
Minnesota Timberwolves,MIN,1990,22,60,0.268,95.2,99.4,-3.6
Charlotte Hornets,CHH,1990,19,63,0.232,100.4,108.2,-7.0
Miami Heat,MIA,1990,18,64,0.22,100.6,110.3,-9.59
Orlando Magic,ORL,1990,18,64,0.22,110.9,119.8,-8.73
New Jersey Nets,NJN,1990,17,65,0.207,100.1,108.0,-7.82
Portland Trail Blazers,POR,1991,63,19,0.768,114.7,106.0,8.47
Chicago Bulls,CHI,1991,61,21,0.744,110.0,101.0,8.57
Los Angeles Lakers,LAL,1991,58,24,0.707,106.3,99.6,6.73
Boston Celtics,BOS,1991,56,26,0.683,111.5,105.7,5.22
Phoenix Suns,PHO,1991,55,27,0.671,114.0,107.5,6.49
San Antonio Spurs,SAS,1991,55,27,0.671,107.1,102.6,4.3
Utah Jazz,UTA,1991,54,28,0.659,104.0,100.7,3.18
Houston Rockets,HOU,1991,52,30,0.634,106.7,103.2,3.27
Detroit Pistons,DET,1991,50,32,0.61,100.1,96.8,3.08
Milwaukee Bucks,MIL,1991,48,34,0.585,106.4,104.0,2.33
Philadelphia 76ers,PHI,1991,44,38,0.537,105.4,105.6,-0.39
Golden State Warriors,GSW,1991,44,38,0.537,116.6,115.0,1.72
Atlanta Hawks,ATL,1991,43,39,0.524,109.8,109.0,0.72
Indiana Pacers,IND,1991,41,41,0.5,111.7,112.1,-0.37
Seattle SuperSonics,SEA,1991,41,41,0.5,106.6,105.4,1.31
New York Knicks,NYK,1991,39,43,0.476,103.1,103.3,-0.43
Cleveland Cavaliers,CLE,1991,33,49,0.402,101.7,104.2,-2.33
Los Angeles Clippers,LAC,1991,31,51,0.378,103.5,107.0,-3.16
Orlando Magic,ORL,1991,31,51,0.378,105.9,109.9,-3.79
Washington Bullets,WSB,1991,30,52,0.366,101.4,106.4,-4.84
Minnesota Timberwolves,MIN,1991,29,53,0.354,99.6,103.5,-3.75
Dallas Mavericks,DAL,1991,28,54,0.341,99.9,104.5,-4.27
Charlotte Hornets,CHH,1991,26,56,0.317,102.8,108.0,-4.95
New Jersey Nets,NJN,1991,26,56,0.317,102.9,107.5,-4.53
Sacramento Kings,SAC,1991,25,57,0.305,96.7,103.5,-6.27
Miami Heat,MIA,1991,24,58,0.293,101.8,107.8,-5.91
Denver Nuggets,DEN,1991,20,62,0.244,119.9,130.8,-10.31
Chicago Bulls,CHI,1992,67,15,0.817,109.9,99.5,10.07
Portland Trail Blazers,POR,1992,57,25,0.695,111.4,104.1,6.94
Cleveland Cavaliers,CLE,1992,57,25,0.695,108.9,103.4,5.34
Golden State Warriors,GSW,1992,55,27,0.671,118.7,114.8,3.77
Utah Jazz,UTA,1992,55,27,0.671,108.3,101.9,5.7
Phoenix Suns,PHO,1992,53,29,0.646,112.1,106.2,5.68
New York Knicks,NYK,1992,51,31,0.622,101.6,97.7,3.67
Boston Celtics,BOS,1992,51,31,0.622,106.6,103.0,3.41
Detroit Pistons,DET,1992,48,34,0.585,98.9,96.9,2.06
Seattle SuperSonics,SEA,1992,47,35,0.573,106.5,104.7,1.86
San Antonio Spurs,SAS,1992,47,35,0.573,104.0,100.6,2.81
Los Angeles Clippers,LAC,1992,45,37,0.549,102.9,101.9,1.1
Los Angeles Lakers,LAL,1992,43,39,0.524,100.4,101.5,-0.95
Houston Rockets,HOU,1992,42,40,0.512,102.0,103.7,-1.94
Indiana Pacers,IND,1992,40,42,0.488,112.2,110.3,1.85
New Jersey Nets,NJN,1992,40,42,0.488,105.4,107.1,-1.54
Atlanta Hawks,ATL,1992,38,44,0.463,106.2,107.7,-1.15
Miami Heat,MIA,1992,38,44,0.463,105.0,109.2,-3.94
Philadelphia 76ers,PHI,1992,35,47,0.427,101.9,103.2,-1.34
Charlotte Hornets,CHH,1992,31,51,0.378,109.5,113.4,-3.57
Milwaukee Bucks,MIL,1992,31,51,0.378,105.0,106.7,-1.46
Sacramento Kings,SAC,1992,29,53,0.354,104.3,110.3,-5.63
Washington Bullets,WSB,1992,25,57,0.305,102.4,106.8,-4.35
Denver Nuggets,DEN,1992,24,58,0.293,99.7,107.6,-7.59
Dallas Mavericks,DAL,1992,22,60,0.268,97.6,105.3,-7.47
Orlando Magic,ORL,1992,21,61,0.256,101.6,108.5,-6.52
Minnesota Timberwolves,MIN,1992,15,67,0.183,100.5,107.5,-6.85
Phoenix Suns,PHO,1993,62,20,0.756,113.4,106.7,6.27
New York Knicks,NYK,1993,60,22,0.732,101.6,95.4,5.87
Chicago Bulls,CHI,1993,57,25,0.695,105.2,98.9,6.19
Seattle SuperSonics,SEA,1993,55,27,0.671,108.3,101.3,6.66
Houston Rockets,HOU,1993,55,27,0.671,104.0,99.8,3.57
Cleveland Cavaliers,CLE,1993,54,28,0.659,107.7,101.3,6.3
Portland Trail Blazers,POR,1993,51,31,0.622,108.5,105.4,2.92
San Antonio Spurs,SAS,1993,49,33,0.598,105.5,102.8,2.21
Boston Celtics,BOS,1993,48,34,0.585,103.7,102.8,0.93
Utah Jazz,UTA,1993,47,35,0.573,106.2,104.0,1.74
Charlotte Hornets,CHH,1993,44,38,0.537,110.1,110.4,-0.02
New Jersey Nets,NJN,1993,43,39,0.524,102.8,101.6,1.2
Atlanta Hawks,ATL,1993,43,39,0.524,107.5,108.4,-0.67
Orlando Magic,ORL,1993,41,41,0.5,105.5,104.2,1.35
Los Angeles Clippers,LAC,1993,41,41,0.5,107.1,106.8,0.33
Indiana Pacers,IND,1993,41,41,0.5,107.8,106.1,1.77
Detroit Pistons,DET,1993,40,42,0.488,100.6,102.0,-1.1
Los Angeles Lakers,LAL,1993,39,43,0.476,104.2,105.5,-1.2
Denver Nuggets,DEN,1993,36,46,0.439,105.2,106.9,-2.14
Miami Heat,MIA,1993,36,46,0.439,103.6,104.7,-0.93
Golden State Warriors,GSW,1993,34,48,0.415,109.9,110.9,-0.94
Milwaukee Bucks,MIL,1993,28,54,0.341,102.3,106.1,-3.26
Philadelphia 76ers,PHI,1993,26,56,0.317,104.3,110.1,-5.25
Sacramento Kings,SAC,1993,25,57,0.305,107.9,111.1,-3.0
Washington Bullets,WSB,1993,22,60,0.268,101.9,108.9,-6.49
Minnesota Timberwolves,MIN,1993,19,63,0.232,98.1,105.9,-7.62
Dallas Mavericks,DAL,1993,11,71,0.134,99.3,114.5,-14.68
Seattle SuperSonics,SEA,1994,63,19,0.768,105.9,96.9,8.68
Houston Rockets,HOU,1994,58,24,0.707,101.1,96.8,4.19
New York Knicks,NYK,1994,57,25,0.695,98.5,91.5,6.48
Atlanta Hawks,ATL,1994,57,25,0.695,101.4,96.2,4.94
Phoenix Suns,PHO,1994,56,26,0.683,108.2,103.4,4.68
Chicago Bulls,CHI,1994,55,27,0.671,98.0,94.9,2.87
San Antonio Spurs,SAS,1994,55,27,0.671,100.0,94.8,5.05
Utah Jazz,UTA,1994,53,29,0.646,101.9,97.7,4.1
Orlando Magic,ORL,1994,50,32,0.61,105.7,101.8,3.68
Golden State Warriors,GSW,1994,50,32,0.61,107.9,106.1,1.76
Indiana Pacers,IND,1994,47,35,0.573,101.0,97.5,3.26
Portland Trail Blazers,POR,1994,47,35,0.573,107.3,104.6,2.6
Cleveland Cavaliers,CLE,1994,47,35,0.573,101.2,97.1,3.64
New Jersey Nets,NJN,1994,45,37,0.549,103.2,101.0,2.11
Miami Heat,MIA,1994,42,40,0.512,103.4,100.7,2.4
Denver Nuggets,DEN,1994,42,40,0.512,100.3,98.8,1.54
Charlotte Hornets,CHH,1994,41,41,0.5,106.5,106.7,-0.23
Los Angeles Lakers,LAL,1994,33,49,0.402,100.4,104.7,-3.93
Boston Celtics,BOS,1994,32,50,0.39,100.8,105.1,-4.28
Sacramento Kings,SAC,1994,28,54,0.341,101.1,106.9,-5.32
Los Angeles Clippers,LAC,1994,27,55,0.329,103.0,108.7,-5.28
Philadelphia 76ers,PHI,1994,25,57,0.305,98.0,105.6,-7.37
Washington Bullets,WSB,1994,24,58,0.293,100.4,107.7,-7.13
Minnesota Timberwolves,MIN,1994,20,62,0.244,96.7,103.6,-6.55
Milwaukee Bucks,MIL,1994,20,62,0.244,96.9,103.4,-6.24
Detroit Pistons,DET,1994,20,62,0.244,96.9,104.7,-7.46
Dallas Mavericks,DAL,1994,13,69,0.159,95.1,103.8,-8.19
San Antonio Spurs,SAS,1995,62,20,0.756,106.6,100.6,5.9
Utah Jazz,UTA,1995,60,22,0.732,106.4,98.4,7.76
Phoenix Suns,PHO,1995,59,23,0.72,110.6,106.8,3.86
Seattle SuperSonics,SEA,1995,57,25,0.695,110.4,102.2,7.91
Orlando Magic,ORL,1995,57,25,0.695,110.9,103.8,6.44
New York Knicks,NYK,1995,55,27,0.671,98.2,95.1,2.78
Indiana Pacers,IND,1995,52,30,0.634,99.2,95.5,3.35
Charlotte Hornets,CHH,1995,50,32,0.61,100.6,97.3,2.87
Los Angeles Lakers,LAL,1995,48,34,0.585,105.1,105.3,-0.01
Chicago Bulls,CHI,1995,47,35,0.573,101.5,96.7,4.32
Houston Rockets,HOU,1995,47,35,0.573,103.5,101.4,2.32
Portland Trail Blazers,POR,1995,44,38,0.537,103.1,99.2,3.8
Cleveland Cavaliers,CLE,1995,43,39,0.524,90.5,89.8,0.55
Atlanta Hawks,ATL,1995,42,40,0.512,96.6,95.3,1.06
Denver Nuggets,DEN,1995,41,41,0.5,101.3,100.5,0.96
Sacramento Kings,SAC,1995,39,43,0.476,98.2,99.2,-0.74
Dallas Mavericks,DAL,1995,36,46,0.439,103.2,106.1,-2.39
Boston Celtics,BOS,1995,35,47,0.427,102.8,104.7,-1.92
Milwaukee Bucks,MIL,1995,34,48,0.415,99.3,103.7,-4.3
Miami Heat,MIA,1995,32,50,0.39,101.1,102.8,-1.85
New Jersey Nets,NJN,1995,30,52,0.366,98.1,101.2,-3.28
Detroit Pistons,DET,1995,28,54,0.341,98.2,105.5,-7.08
Golden State Warriors,GSW,1995,26,56,0.317,105.7,111.1,-4.9
Philadelphia 76ers,PHI,1995,24,58,0.293,95.4,100.4,-5.06
Minnesota Timberwolves,MIN,1995,21,61,0.256,94.2,103.2,-8.22
Washington Bullets,WSB,1995,21,61,0.256,100.5,106.1,-5.56
Los Angeles Clippers,LAC,1995,17,65,0.207,96.7,105.8,-8.43
Chicago Bulls,CHI,1996,72,10,0.878,105.2,92.9,11.8
Seattle SuperSonics,SEA,1996,64,18,0.78,104.5,96.7,7.4
Orlando Magic,ORL,1996,60,22,0.732,104.5,99.0,5.4
San Antonio Spurs,SAS,1996,59,23,0.72,103.4,97.1,5.98
Utah Jazz,UTA,1996,55,27,0.671,102.5,95.9,6.25
Los Angeles Lakers,LAL,1996,53,29,0.646,102.9,98.5,4.21
Indiana Pacers,IND,1996,52,30,0.634,99.3,96.1,3.11
Houston Rockets,HOU,1996,48,34,0.585,102.5,100.7,1.63
Cleveland Cavaliers,CLE,1996,47,35,0.573,91.1,88.5,2.49
New York Knicks,NYK,1996,47,35,0.573,97.2,94.9,2.24
Atlanta Hawks,ATL,1996,46,36,0.561,98.3,97.1,1.29
Detroit Pistons,DET,1996,46,36,0.561,95.4,92.9,2.45
Portland Trail Blazers,POR,1996,44,38,0.537,99.3,97.0,2.21
Miami Heat,MIA,1996,42,40,0.512,96.5,95.0,1.46
Charlotte Hornets,CHH,1996,41,41,0.5,102.8,103.4,-0.48
Phoenix Suns,PHO,1996,41,41,0.5,104.3,104.0,0.28
Sacramento Kings,SAC,1996,39,43,0.476,99.5,102.3,-2.62
Washington Bullets,WSB,1996,39,43,0.476,102.5,101.5,0.99
Golden State Warriors,GSW,1996,36,46,0.439,101.6,103.1,-1.42
Denver Nuggets,DEN,1996,35,47,0.427,97.7,100.4,-2.62
Boston Celtics,BOS,1996,33,49,0.402,103.6,107.0,-3.37
New Jersey Nets,NJN,1996,30,52,0.366,93.7,97.9,-4.14
Los Angeles Clippers,LAC,1996,29,53,0.354,99.4,103.0,-3.46
Dallas Mavericks,DAL,1996,26,56,0.317,102.5,107.5,-4.71
Minnesota Timberwolves,MIN,1996,26,56,0.317,97.9,103.2,-5.14
Milwaukee Bucks,MIL,1996,25,57,0.305,95.6,100.9,-4.92
Toronto Raptors,TOR,1996,21,61,0.256,97.5,105.0,-7.2
Philadelphia 76ers,PHI,1996,18,64,0.22,94.5,104.5,-9.45
Vancouver Grizzlies,VAN,1996,15,67,0.183,89.8,99.8,-9.55
Chicago Bulls,CHI,1997,69,13,0.841,103.1,92.3,10.7
Utah Jazz,UTA,1997,64,18,0.78,103.1,94.3,7.97
Miami Heat,MIA,1997,61,21,0.744,94.8,89.3,5.56
Houston Rockets,HOU,1997,57,25,0.695,100.6,96.1,3.85
New York Knicks,NYK,1997,57,25,0.695,95.4,92.2,3.31
Seattle SuperSonics,SEA,1997,57,25,0.695,100.9,93.2,6.91
Atlanta Hawks,ATL,1997,56,26,0.683,94.8,89.4,5.52
Los Angeles Lakers,LAL,1997,56,26,0.683,100.0,95.7,3.66
Detroit Pistons,DET,1997,54,28,0.659,94.2,88.9,5.45
Charlotte Hornets,CHH,1997,54,28,0.659,98.9,97.0,2.13
Portland Trail Blazers,POR,1997,49,33,0.598,99.0,94.8,3.56
Orlando Magic,ORL,1997,45,37,0.549,94.1,94.5,-0.07
Washington Bullets,WSB,1997,44,38,0.537,99.4,97.7,1.77
Cleveland Cavaliers,CLE,1997,42,40,0.512,87.5,85.6,2.32
Phoenix Suns,PHO,1997,40,42,0.488,102.8,102.2,0.21
Minnesota Timberwolves,MIN,1997,40,42,0.488,96.1,97.6,-1.82
Indiana Pacers,IND,1997,39,43,0.476,95.4,94.4,1.49
Los Angeles Clippers,LAC,1997,36,46,0.439,97.2,99.5,-2.66
Sacramento Kings,SAC,1997,34,48,0.415,96.4,99.8,-3.64
Milwaukee Bucks,MIL,1997,33,49,0.402,95.3,97.2,-1.38
Toronto Raptors,TOR,1997,30,52,0.366,95.5,98.6,-2.56
Golden State Warriors,GSW,1997,30,52,0.366,99.6,104.4,-4.9
New Jersey Nets,NJN,1997,26,56,0.317,97.2,101.8,-3.89
Dallas Mavericks,DAL,1997,24,58,0.293,90.6,97.0,-6.47
Philadelphia 76ers,PHI,1997,22,60,0.268,100.2,106.7,-5.89
Denver Nuggets,DEN,1997,21,61,0.256,97.8,104.1,-6.4
San Antonio Spurs,SAS,1997,20,62,0.244,90.5,98.3,-7.93
Boston Celtics,BOS,1997,15,67,0.183,100.6,107.9,-6.62
Vancouver Grizzlies,VAN,1997,14,68,0.171,89.2,99.4,-10.17
Utah Jazz,UTA,1998,62,20,0.756,101.0,94.4,5.73
Chicago Bulls,CHI,1998,62,20,0.756,96.7,89.6,7.24
Los Angeles Lakers,LAL,1998,61,21,0.744,105.5,97.8,6.88
Seattle SuperSonics,SEA,1998,61,21,0.744,100.6,93.4,6.33
Indiana Pacers,IND,1998,58,24,0.707,96.0,89.9,6.25
Phoenix Suns,PHO,1998,56,26,0.683,99.6,94.4,4.44
San Antonio Spurs,SAS,1998,56,26,0.683,92.5,88.5,3.3
Miami Heat,MIA,1998,55,27,0.671,95.0,90.0,5.09
Charlotte Hornets,CHH,1998,51,31,0.622,96.6,94.6,2.45
Atlanta Hawks,ATL,1998,50,32,0.61,95.9,92.3,3.85
Cleveland Cavaliers,CLE,1998,47,35,0.573,92.5,89.8,3.06
Portland Trail Blazers,POR,1998,46,36,0.561,94.3,92.9,0.83
Minnesota Timberwolves,MIN,1998,45,37,0.549,101.1,100.4,0.17
New York Knicks,NYK,1998,43,39,0.524,91.6,89.1,2.74
New Jersey Nets,NJN,1998,43,39,0.524,99.6,98.1,1.88
Washington Wizards,WAS,1998,42,40,0.512,97.2,96.6,1.11
Houston Rockets,HOU,1998,41,41,0.5,98.8,99.5,-1.23
Orlando Magic,ORL,1998,41,41,0.5,90.1,91.2,-0.53
Detroit Pistons,DET,1998,37,45,0.451,94.2,92.6,1.95
Boston Celtics,BOS,1998,36,46,0.439,95.9,98.5,-1.96
Milwaukee Bucks,MIL,1998,36,46,0.439,94.5,96.4,-1.33
Philadelphia 76ers,PHI,1998,31,51,0.378,93.3,95.7,-1.89
Sacramento Kings,SAC,1998,27,55,0.329,93.1,98.7,-5.83
Dallas Mavericks,DAL,1998,20,62,0.244,91.4,97.5,-6.33
Vancouver Grizzlies,VAN,1998,19,63,0.232,96.6,103.9,-7.47
Golden State Warriors,GSW,1998,19,63,0.232,88.3,97.4,-9.2
Los Angeles Clippers,LAC,1998,17,65,0.207,95.9,103.3,-7.53
Toronto Raptors,TOR,1998,16,66,0.195,94.9,104.2,-8.33
Denver Nuggets,DEN,1998,11,71,0.134,89.0,100.8,-11.74
Utah Jazz,UTA,1999,37,13,0.74,93.3,86.8,5.54
San Antonio Spurs,SAS,1999,37,13,0.74,92.8,84.7,7.12
Portland Trail Blazers,POR,1999,35,15,0.7,94.8,88.5,5.67
Miami Heat,MIA,1999,33,17,0.66,89.0,84.0,5.11
Orlando Magic,ORL,1999,33,17,0.66,89.5,86.9,3.11
Indiana Pacers,IND,1999,33,17,0.66,94.7,90.9,3.86
Los Angeles Lakers,LAL,1999,31,19,0.62,99.0,96.0,2.68
Houston Rockets,HOU,1999,31,19,0.62,94.2,91.9,1.39
Atlanta Hawks,ATL,1999,31,19,0.62,86.3,83.4,2.82
Detroit Pistons,DET,1999,29,21,0.58,90.4,86.9,3.97
Philadelphia 76ers,PHI,1999,28,22,0.56,89.7,87.6,2.56
Milwaukee Bucks,MIL,1999,28,22,0.56,91.7,90.0,1.66
Phoenix Suns,PHO,1999,27,23,0.54,95.6,93.3,2.15
Sacramento Kings,SAC,1999,27,23,0.54,100.2,100.6,-0.89
New York Knicks,NYK,1999,27,23,0.54,86.4,85.4,1.45
Charlotte Hornets,CHH,1999,26,24,0.52,92.9,93.0,0.63
Seattle SuperSonics,SEA,1999,25,25,0.5,94.9,95.9,-1.43
Minnesota Timberwolves,MIN,1999,25,25,0.5,92.9,92.6,-0.17
Toronto Raptors,TOR,1999,23,27,0.46,91.1,92.8,-1.32
Cleveland Cavaliers,CLE,1999,22,28,0.44,86.4,88.2,-0.94
Golden State Warriors,GSW,1999,21,29,0.42,88.3,90.8,-2.63
Dallas Mavericks,DAL,1999,19,31,0.38,91.6,94.0,-2.5
Boston Celtics,BOS,1999,19,31,0.38,93.0,94.9,-1.75
Washington Wizards,WAS,1999,18,32,0.36,91.2,93.4,-1.75
New Jersey Nets,NJN,1999,16,34,0.32,91.4,95.2,-3.2
Denver Nuggets,DEN,1999,14,36,0.28,93.5,100.1,-6.67
Chicago Bulls,CHI,1999,13,37,0.26,81.9,91.4,-8.58
Los Angeles Clippers,LAC,1999,9,41,0.18,90.4,99.2,-8.94
Vancouver Grizzlies,VAN,1999,8,42,0.16,88.9,97.5,-8.94
Los Angeles Lakers,LAL,2000,67,15,0.817,100.8,92.3,8.41
Portland Trail Blazers,POR,2000,59,23,0.72,97.5,91.0,6.36
Indiana Pacers,IND,2000,56,26,0.683,101.3,96.7,4.15
Utah Jazz,UTA,2000,55,27,0.671,96.5,92.0,4.52
Phoenix Suns,PHO,2000,53,29,0.646,98.9,93.7,5.24
San Antonio Spurs,SAS,2000,53,29,0.646,96.2,90.2,5.92
Miami Heat,MIA,2000,52,30,0.634,94.4,91.3,2.75
New York Knicks,NYK,2000,50,32,0.61,92.1,90.7,1.3
Minnesota Timberwolves,MIN,2000,50,32,0.61,98.5,96.0,2.67
Philadelphia 76ers,PHI,2000,49,33,0.598,94.8,93.4,1.02
Charlotte Hornets,CHH,2000,49,33,0.598,98.4,95.8,2.33
Seattle SuperSonics,SEA,2000,45,37,0.549,99.1,98.1,1.17
Toronto Raptors,TOR,2000,45,37,0.549,97.2,97.3,-0.46
Sacramento Kings,SAC,2000,44,38,0.537,105.0,102.0,3.04
Milwaukee Bucks,MIL,2000,42,40,0.512,101.2,101.0,-0.06
Detroit Pistons,DET,2000,42,40,0.512,103.5,102.0,1.13
Orlando Magic,ORL,2000,41,41,0.5,100.1,99.4,0.43
Dallas Mavericks,DAL,2000,40,42,0.488,101.4,102.0,-0.29
Denver Nuggets,DEN,2000,35,47,0.427,99.0,101.1,-1.76
Boston Celtics,BOS,2000,35,47,0.427,99.3,100.1,-1.0
Houston Rockets,HOU,2000,34,48,0.415,99.5,100.3,-0.57
Cleveland Cavaliers,CLE,2000,32,50,0.39,97.0,100.5,-3.64
New Jersey Nets,NJN,2000,31,51,0.378,98.0,99.0,-1.18
Washington Wizards,WAS,2000,29,53,0.354,96.6,99.9,-3.47
Atlanta Hawks,ATL,2000,28,54,0.341,94.3,99.7,-5.41
Vancouver Grizzlies,VAN,2000,22,60,0.268,93.9,99.5,-5.1
Golden State Warriors,GSW,2000,19,63,0.232,95.5,103.8,-7.63
Chicago Bulls,CHI,2000,17,65,0.207,84.8,94.2,-9.23
Los Angeles Clippers,LAC,2000,15,67,0.183,92.0,103.5,-10.73
San Antonio Spurs,SAS,2001,58,24,0.707,96.2,88.4,7.92
Philadelphia 76ers,PHI,2001,56,26,0.683,94.7,90.4,3.64
Los Angeles Lakers,LAL,2001,56,26,0.683,100.6,97.2,3.74
Sacramento Kings,SAC,2001,55,27,0.671,101.7,95.9,6.07
Dallas Mavericks,DAL,2001,53,29,0.646,100.5,96.2,4.61
Utah Jazz,UTA,2001,53,29,0.646,97.1,92.4,5.0
Milwaukee Bucks,MIL,2001,52,30,0.634,100.7,96.9,3.14
Phoenix Suns,PHO,2001,51,31,0.622,94.0,91.8,2.63
Portland Trail Blazers,POR,2001,50,32,0.61,95.4,91.2,4.52
Miami Heat,MIA,2001,50,32,0.61,88.9,86.6,1.73
New York Knicks,NYK,2001,48,34,0.585,88.7,86.1,1.98
Toronto Raptors,TOR,2001,47,35,0.573,97.6,95.4,1.69
Minnesota Timberwolves,MIN,2001,47,35,0.573,97.3,96.0,1.81
Charlotte Hornets,CHH,2001,46,36,0.561,91.9,89.8,1.45
Houston Rockets,HOU,2001,45,37,0.549,97.2,94.9,2.71
Seattle SuperSonics,SEA,2001,44,38,0.537,97.3,97.3,0.55
Orlando Magic,ORL,2001,43,39,0.524,97.5,96.5,0.39
Indiana Pacers,IND,2001,41,41,0.5,92.6,92.8,-0.77
Denver Nuggets,DEN,2001,40,42,0.488,96.6,99.0,-1.83
Boston Celtics,BOS,2001,36,46,0.439,94.6,96.8,-2.4
Detroit Pistons,DET,2001,32,50,0.39,95.6,97.3,-2.08
Los Angeles Clippers,LAC,2001,31,51,0.378,92.5,95.3,-2.23
Cleveland Cavaliers,CLE,2001,30,52,0.366,92.2,96.5,-4.48
New Jersey Nets,NJN,2001,26,56,0.317,92.1,97.1,-5.3
Atlanta Hawks,ATL,2001,25,57,0.305,91.0,96.2,-5.55
Vancouver Grizzlies,VAN,2001,23,59,0.28,91.7,97.5,-4.94
Washington Wizards,WAS,2001,19,63,0.232,93.2,99.9,-6.75
Golden State Warriors,GSW,2001,17,65,0.207,92.5,101.5,-8.11
Chicago Bulls,CHI,2001,15,67,0.183,87.6,96.7,-9.09
Sacramento Kings,SAC,2002,61,21,0.744,104.6,97.0,7.61
Los Angeles Lakers,LAL,2002,58,24,0.707,101.3,94.1,7.15
San Antonio Spurs,SAS,2002,58,24,0.707,96.7,90.5,6.28
Dallas Mavericks,DAL,2002,57,25,0.695,105.2,101.0,4.41
New Jersey Nets,NJN,2002,52,30,0.634,96.2,92.0,3.67
Detroit Pistons,DET,2002,50,32,0.61,94.3,92.2,1.69
Minnesota Timberwolves,MIN,2002,50,32,0.61,99.3,96.0,3.58
Portland Trail Blazers,POR,2002,49,33,0.598,96.6,93.7,3.21
Boston Celtics,BOS,2002,49,33,0.598,96.4,94.1,1.75
Seattle SuperSonics,SEA,2002,45,37,0.549,97.7,94.7,3.24
Utah Jazz,UTA,2002,44,38,0.537,96.0,95.1,1.21
Orlando Magic,ORL,2002,44,38,0.537,100.5,98.9,1.25
Charlotte Hornets,CHH,2002,44,38,0.537,93.9,92.9,0.57
Philadelphia 76ers,PHI,2002,43,39,0.524,91.0,89.4,1.27
Toronto Raptors,TOR,2002,42,40,0.512,91.4,91.8,-0.71
Indiana Pacers,IND,2002,42,40,0.512,96.8,96.5,-0.07
Milwaukee Bucks,MIL,2002,41,41,0.5,97.5,97.7,-0.62
Los Angeles Clippers,LAC,2002,39,43,0.476,95.7,96.1,-0.09
Washington Wizards,WAS,2002,37,45,0.451,92.8,94.2,-1.58
Phoenix Suns,PHO,2002,36,46,0.439,95.1,95.8,-0.3
Miami Heat,MIA,2002,36,46,0.439,87.2,88.7,-1.84
Atlanta Hawks,ATL,2002,33,49,0.402,94.0,98.3,-4.41
New York Knicks,NYK,2002,30,52,0.366,91.6,95.6,-4.15
Cleveland Cavaliers,CLE,2002,29,53,0.354,95.3,98.6,-3.52
Houston Rockets,HOU,2002,28,54,0.341,92.3,97.2,-4.31
Denver Nuggets,DEN,2002,27,55,0.329,92.2,98.0,-5.19
Memphis Grizzlies,MEM,2002,23,59,0.28,89.9,97.3,-6.74
Chicago Bulls,CHI,2002,21,61,0.256,89.5,98.0,-8.52
Golden State Warriors,GSW,2002,21,61,0.256,97.7,103.1,-4.8
Dallas Mavericks,DAL,2003,60,22,0.732,103.0,95.2,7.9
San Antonio Spurs,SAS,2003,60,22,0.732,95.8,90.4,5.65
Sacramento Kings,SAC,2003,59,23,0.72,101.7,95.2,6.68
Minnesota Timberwolves,MIN,2003,51,31,0.622,98.1,96.0,2.46
Los Angeles Lakers,LAL,2003,50,32,0.61,100.4,98.0,2.71
Detroit Pistons,DET,2003,50,32,0.61,91.4,87.7,2.97
Portland Trail Blazers,POR,2003,50,32,0.61,95.2,92.5,2.97
New Jersey Nets,NJN,2003,49,33,0.598,95.4,90.1,4.42
Indiana Pacers,IND,2003,48,34,0.585,96.8,93.3,2.79
Philadelphia 76ers,PHI,2003,48,34,0.585,96.8,94.5,1.76
New Orleans Hornets,NOH,2003,47,35,0.573,93.9,91.8,1.52
Utah Jazz,UTA,2003,47,35,0.573,94.7,92.3,2.76
Phoenix Suns,PHO,2003,44,38,0.537,95.5,94.4,1.57
Boston Celtics,BOS,2003,44,38,0.537,92.7,93.1,-0.75
Houston Rockets,HOU,2003,43,39,0.524,93.8,92.3,1.89
Milwaukee Bucks,MIL,2003,42,40,0.512,99.5,99.3,-0.24
Orlando Magic,ORL,2003,42,40,0.512,98.5,98.4,-0.39
Seattle SuperSonics,SEA,2003,40,42,0.488,92.1,92.3,0.37
Golden State Warriors,GSW,2003,38,44,0.463,102.4,103.6,-0.6
New York Knicks,NYK,2003,37,45,0.451,95.9,97.2,-1.61
Washington Wizards,WAS,2003,37,45,0.451,91.5,92.5,-1.47
Atlanta Hawks,ATL,2003,35,47,0.427,94.1,97.6,-3.87
Chicago Bulls,CHI,2003,30,52,0.366,95.0,100.1,-5.31
Memphis Grizzlies,MEM,2003,28,54,0.341,97.5,100.7,-2.6
Los Angeles Clippers,LAC,2003,27,55,0.329,93.8,97.9,-3.45
Miami Heat,MIA,2003,25,57,0.305,85.6,90.6,-5.13
Toronto Raptors,TOR,2003,24,58,0.293,90.9,96.8,-6.1
Denver Nuggets,DEN,2003,17,65,0.207,84.2,92.4,-7.41
Cleveland Cavaliers,CLE,2003,17,65,0.207,91.4,101.0,-9.59
Indiana Pacers,IND,2004,61,21,0.744,91.4,85.6,4.93
Minnesota Timberwolves,MIN,2004,58,24,0.707,94.5,89.1,5.86
San Antonio Spurs,SAS,2004,57,25,0.695,91.5,84.3,7.51
Los Angeles Lakers,LAL,2004,56,26,0.683,98.2,94.3,4.35
Sacramento Kings,SAC,2004,55,27,0.671,102.8,97.8,5.41
Detroit Pistons,DET,2004,54,28,0.659,90.1,84.3,5.04
Dallas Mavericks,DAL,2004,52,30,0.634,105.2,100.8,4.86
Memphis Grizzlies,MEM,2004,50,32,0.61,96.7,94.3,2.95
New Jersey Nets,NJN,2004,47,35,0.573,90.3,87.8,1.88
Houston Rockets,HOU,2004,45,37,0.549,89.8,88.0,2.28
Denver Nuggets,DEN,2004,43,39,0.524,97.2,96.1,1.65
Miami Heat,MIA,2004,42,40,0.512,90.3,89.7,-0.13
Utah Jazz,UTA,2004,42,40,0.512,88.7,89.9,-0.53
New Orleans Hornets,NOH,2004,41,41,0.5,91.8,91.9,-0.72
Milwaukee Bucks,MIL,2004,41,41,0.5,98.0,97.0,0.42
Portland Trail Blazers,POR,2004,41,41,0.5,90.7,92.0,-0.58
New York Knicks,NYK,2004,39,43,0.476,92.0,93.5,-1.97
Golden State Warriors,GSW,2004,37,45,0.451,93.3,94.0,-0.07
Seattle SuperSonics,SEA,2004,37,45,0.451,97.1,97.8,0.02
Boston Celtics,BOS,2004,36,46,0.439,95.3,96.7,-1.99
Cleveland Cavaliers,CLE,2004,35,47,0.427,92.9,95.5,-3.07
Philadelphia 76ers,PHI,2004,33,49,0.402,88.0,90.5,-2.95
Toronto Raptors,TOR,2004,33,49,0.402,85.4,88.5,-3.42
Phoenix Suns,PHO,2004,29,53,0.354,94.2,97.9,-2.94
Los Angeles Clippers,LAC,2004,28,54,0.341,94.8,99.4,-3.74
Atlanta Hawks,ATL,2004,28,54,0.341,92.8,97.5,-5.0
Washington Wizards,WAS,2004,25,57,0.305,91.8,97.4,-6.12
Chicago Bulls,CHI,2004,23,59,0.28,89.7,96.0,-6.69
Orlando Magic,ORL,2004,21,61,0.256,94.0,101.1,-7.25
Phoenix Suns,PHO,2005,62,20,0.756,110.4,103.3,7.08
San Antonio Spurs,SAS,2005,59,23,0.72,96.2,88.4,7.84
Miami Heat,MIA,2005,59,23,0.72,101.5,95.0,5.77
Dallas Mavericks,DAL,2005,58,24,0.707,102.5,96.8,5.86
Detroit Pistons,DET,2005,54,28,0.659,93.3,89.5,3.31
Seattle SuperSonics,SEA,2005,52,30,0.634,98.9,96.6,2.59
Houston Rockets,HOU,2005,51,31,0.622,95.1,91.0,4.27
Sacramento Kings,SAC,2005,50,32,0.61,103.7,101.6,2.56
Denver Nuggets,DEN,2005,49,33,0.598,99.5,97.5,2.23
Chicago Bulls,CHI,2005,47,35,0.573,94.5,93.4,0.65
Memphis Grizzlies,MEM,2005,45,37,0.549,93.4,91.1,2.64
Boston Celtics,BOS,2005,45,37,0.549,101.3,100.4,0.35
Washington Wizards,WAS,2005,45,37,0.549,100.5,100.8,-0.71
Minnesota Timberwolves,MIN,2005,44,38,0.537,96.8,95.3,1.73
Indiana Pacers,IND,2005,44,38,0.537,93.0,92.2,0.49
Philadelphia 76ers,PHI,2005,43,39,0.524,99.1,99.9,-1.07
Cleveland Cavaliers,CLE,2005,42,40,0.512,96.5,95.7,0.27
New Jersey Nets,NJN,2005,42,40,0.512,91.4,92.9,-1.82
Los Angeles Clippers,LAC,2005,37,45,0.451,95.7,96.5,-0.47
Orlando Magic,ORL,2005,36,46,0.439,99.5,101.8,-2.52
Los Angeles Lakers,LAL,2005,34,48,0.415,98.7,101.7,-2.32
Golden State Warriors,GSW,2005,34,48,0.415,98.7,100.9,-1.74
New York Knicks,NYK,2005,33,49,0.402,97.3,99.7,-2.72
Toronto Raptors,TOR,2005,33,49,0.402,99.7,101.4,-1.81
Milwaukee Bucks,MIL,2005,30,52,0.366,97.2,100.2,-3.09
Portland Trail Blazers,POR,2005,27,55,0.329,92.9,96.9,-3.45
Utah Jazz,UTA,2005,26,56,0.317,93.0,97.3,-3.74
Charlotte Bobcats,CHA,2005,18,64,0.22,94.3,100.2,-6.15
New Orleans Hornets,NOH,2005,18,64,0.22,88.4,95.5,-6.3
Atlanta Hawks,ATL,2005,13,69,0.159,92.7,102.5,-9.62
Detroit Pistons,DET,2006,64,18,0.78,96.8,90.2,6.24
San Antonio Spurs,SAS,2006,63,19,0.768,95.6,88.8,6.69
Dallas Mavericks,DAL,2006,60,22,0.732,99.1,93.1,5.96
Phoenix Suns,PHO,2006,54,28,0.659,108.4,102.8,5.48
Miami Heat,MIA,2006,52,30,0.634,99.9,96.0,3.59
Cleveland Cavaliers,CLE,2006,50,32,0.61,97.6,95.4,2.17
New Jersey Nets,NJN,2006,49,33,0.598,93.8,92.4,1.11
Memphis Grizzlies,MEM,2006,49,33,0.598,92.2,88.5,3.74
Los Angeles Clippers,LAC,2006,47,35,0.573,97.2,95.6,1.75
Los Angeles Lakers,LAL,2006,45,37,0.549,99.4,96.9,2.53
Sacramento Kings,SAC,2006,44,38,0.537,98.9,97.3,1.61
Denver Nuggets,DEN,2006,44,38,0.537,100.3,100.1,0.36
Washington Wizards,WAS,2006,42,40,0.512,101.7,99.8,1.57
Utah Jazz,UTA,2006,41,41,0.5,92.4,95.0,-2.49
Indiana Pacers,IND,2006,41,41,0.5,93.9,92.0,1.62
Chicago Bulls,CHI,2006,41,41,0.5,97.8,97.2,0.51
Milwaukee Bucks,MIL,2006,40,42,0.488,97.8,98.8,-1.07
New Orleans/Oklahoma City Hornets,NOK,2006,38,44,0.463,92.8,95.6,-2.51
Philadelphia 76ers,PHI,2006,38,44,0.463,99.4,101.3,-2.1
Orlando Magic,ORL,2006,36,46,0.439,94.9,96.0,-1.26
Seattle SuperSonics,SEA,2006,35,47,0.427,102.6,105.6,-2.88
Golden State Warriors,GSW,2006,34,48,0.415,98.5,99.8,-1.11
Houston Rockets,HOU,2006,34,48,0.415,90.1,91.7,-1.3
Minnesota Timberwolves,MIN,2006,33,49,0.402,91.7,93.6,-1.75
Boston Celtics,BOS,2006,33,49,0.402,98.0,99.5,-1.59
Toronto Raptors,TOR,2006,27,55,0.329,101.1,104.0,-3.03
Charlotte Bobcats,CHA,2006,26,56,0.317,96.9,100.9,-3.9
Atlanta Hawks,ATL,2006,26,56,0.317,97.2,102.0,-4.69
New York Knicks,NYK,2006,23,59,0.28,95.6,102.0,-6.3
Portland Trail Blazers,POR,2006,21,61,0.256,88.8,98.3,-8.91
Dallas Mavericks,DAL,2007,67,15,0.817,100.0,92.8,7.28
Phoenix Suns,PHO,2007,61,21,0.744,110.2,102.9,7.28
San Antonio Spurs,SAS,2007,58,24,0.707,98.5,90.1,8.35
Detroit Pistons,DET,2007,53,29,0.646,96.0,91.8,3.69
Houston Rockets,HOU,2007,52,30,0.634,97.0,92.1,5.04
Utah Jazz,UTA,2007,51,31,0.622,101.5,98.6,3.06
Cleveland Cavaliers,CLE,2007,50,32,0.61,96.8,92.9,3.33
Chicago Bulls,CHI,2007,49,33,0.598,98.8,93.8,4.52
Toronto Raptors,TOR,2007,47,35,0.573,99.5,98.5,0.61
Denver Nuggets,DEN,2007,45,37,0.549,105.4,103.7,1.69
Miami Heat,MIA,2007,44,38,0.537,94.6,95.5,-1.21
Los Angeles Lakers,LAL,2007,42,40,0.512,103.3,103.4,0.24
Golden State Warriors,GSW,2007,42,40,0.512,106.5,106.9,0.0
Washington Wizards,WAS,2007,41,41,0.5,104.3,104.9,-0.8
New Jersey Nets,NJN,2007,41,41,0.5,97.6,98.3,-1.0
Los Angeles Clippers,LAC,2007,40,42,0.488,95.6,96.1,-0.07
Orlando Magic,ORL,2007,40,42,0.488,94.8,94.0,0.35
New Orleans/Oklahoma City Hornets,NOK,2007,39,43,0.476,95.5,97.1,-1.19
Philadelphia 76ers,PHI,2007,35,47,0.427,94.9,98.0,-3.26
Indiana Pacers,IND,2007,35,47,0.427,95.6,98.0,-2.62
New York Knicks,NYK,2007,33,49,0.402,97.5,100.3,-3.06
Charlotte Bobcats,CHA,2007,33,49,0.402,96.9,100.6,-3.97
Sacramento Kings,SAC,2007,33,49,0.402,101.3,103.1,-1.35
Minnesota Timberwolves,MIN,2007,32,50,0.39,96.1,99.7,-3.16
Portland Trail Blazers,POR,2007,32,50,0.39,94.1,98.4,-3.78
Seattle SuperSonics,SEA,2007,31,51,0.378,99.1,102.0,-2.45
Atlanta Hawks,ATL,2007,30,52,0.366,93.7,98.4,-4.86
Milwaukee Bucks,MIL,2007,28,54,0.341,99.7,104.0,-4.43
Boston Celtics,BOS,2007,24,58,0.293,95.8,99.2,-3.7
Memphis Grizzlies,MEM,2007,22,60,0.268,101.6,106.7,-4.44
Boston Celtics,BOS,2008,66,16,0.805,100.5,90.3,9.3
Detroit Pistons,DET,2008,59,23,0.72,97.5,90.1,6.67
Los Angeles Lakers,LAL,2008,57,25,0.695,108.6,101.3,7.34
San Antonio Spurs,SAS,2008,56,26,0.683,95.4,90.6,5.1
New Orleans Hornets,NOH,2008,56,26,0.683,100.9,95.6,5.46
Houston Rockets,HOU,2008,55,27,0.671,96.7,92.0,4.83
Phoenix Suns,PHO,2008,55,27,0.671,110.1,105.0,5.14
Utah Jazz,UTA,2008,54,28,0.659,106.2,99.3,6.86
Orlando Magic,ORL,2008,52,30,0.634,104.5,99.0,4.79
Dallas Mavericks,DAL,2008,51,31,0.622,100.4,95.9,4.7
Denver Nuggets,DEN,2008,50,32,0.61,110.7,107.0,3.74
Golden State Warriors,GSW,2008,48,34,0.585,111.0,108.8,2.38
Cleveland Cavaliers,CLE,2008,45,37,0.549,96.4,96.7,-0.53
Washington Wizards,WAS,2008,43,39,0.524,98.8,99.2,-0.61
Portland Trail Blazers,POR,2008,41,41,0.5,95.4,96.3,-0.52
Toronto Raptors,TOR,2008,41,41,0.5,100.2,97.3,2.47
Philadelphia 76ers,PHI,2008,40,42,0.488,96.6,96.2,0.19
Sacramento Kings,SAC,2008,38,44,0.463,102.5,104.8,-1.86
Atlanta Hawks,ATL,2008,37,45,0.451,98.2,100.0,-2.23
Indiana Pacers,IND,2008,36,46,0.439,104.0,105.4,-1.87
New Jersey Nets,NJN,2008,34,48,0.415,95.8,100.9,-5.15
Chicago Bulls,CHI,2008,33,49,0.402,97.3,100.4,-3.19
Charlotte Bobcats,CHA,2008,32,50,0.39,97.1,101.4,-4.49
Milwaukee Bucks,MIL,2008,26,56,0.317,97.0,103.9,-6.92
Los Angeles Clippers,LAC,2008,23,59,0.28,93.8,101.1,-6.56
New York Knicks,NYK,2008,23,59,0.28,96.9,103.5,-6.55
Memphis Grizzlies,MEM,2008,22,60,0.268,100.7,106.9,-5.76
Minnesota Timberwolves,MIN,2008,22,60,0.268,95.6,102.4,-6.26
Seattle SuperSonics,SEA,2008,20,62,0.244,97.5,106.3,-8.04
Miami Heat,MIA,2008,15,67,0.183,91.4,100.0,-8.53
Cleveland Cavaliers,CLE,2009,66,16,0.805,100.3,91.4,8.68
Los Angeles Lakers,LAL,2009,65,17,0.793,106.9,99.3,7.11
Boston Celtics,BOS,2009,62,20,0.756,100.9,93.4,7.44
Orlando Magic,ORL,2009,59,23,0.72,101.0,94.4,6.48
San Antonio Spurs,SAS,2009,54,28,0.659,97.0,93.3,3.36
Portland Trail Blazers,POR,2009,54,28,0.659,99.4,94.1,5.0
Denver Nuggets,DEN,2009,54,28,0.659,104.3,100.9,3.13
Houston Rockets,HOU,2009,53,29,0.646,98.4,94.4,3.73
Dallas Mavericks,DAL,2009,50,32,0.61,101.7,99.8,1.68
New Orleans Hornets,NOH,2009,49,33,0.598,95.8,94.3,1.41
Utah Jazz,UTA,2009,48,34,0.585,103.6,100.9,2.31
Atlanta Hawks,ATL,2009,47,35,0.573,98.1,96.5,1.7
Phoenix Suns,PHO,2009,46,36,0.561,109.4,107.5,1.62
Miami Heat,MIA,2009,43,39,0.524,98.3,98.0,0.49
Philadelphia 76ers,PHI,2009,41,41,0.5,97.4,97.3,0.16
Chicago Bulls,CHI,2009,41,41,0.5,102.2,102.5,-0.16
Detroit Pistons,DET,2009,39,43,0.476,94.2,94.7,-0.36
Indiana Pacers,IND,2009,36,46,0.439,105.1,106.2,-0.76
Charlotte Bobcats,CHA,2009,35,47,0.427,93.6,94.9,-1.2
New Jersey Nets,NJN,2009,34,48,0.415,98.1,100.5,-2.31
Milwaukee Bucks,MIL,2009,34,48,0.415,99.3,100.4,-0.88
Toronto Raptors,TOR,2009,33,49,0.402,99.0,101.9,-2.54
New York Knicks,NYK,2009,32,50,0.39,105.2,107.8,-2.33
Golden State Warriors,GSW,2009,29,53,0.354,108.6,112.3,-3.8
Minnesota Timberwolves,MIN,2009,24,58,0.293,97.8,102.7,-4.74
Memphis Grizzlies,MEM,2009,24,58,0.293,93.9,99.3,-5.23
Oklahoma City Thunder,OKC,2009,23,59,0.28,97.0,103.1,-6.04
Los Angeles Clippers,LAC,2009,19,63,0.232,95.1,103.9,-8.47
Washington Wizards,WAS,2009,19,63,0.232,96.1,103.5,-6.98
Sacramento Kings,SAC,2009,17,65,0.207,100.6,109.3,-8.6
Cleveland Cavaliers,CLE,2010,61,21,0.744,102.1,95.6,6.17
Orlando Magic,ORL,2010,59,23,0.72,102.8,95.3,7.12
Los Angeles Lakers,LAL,2010,57,25,0.695,101.7,97.0,4.78
Dallas Mavericks,DAL,2010,55,27,0.671,102.0,99.3,2.66
Phoenix Suns,PHO,2010,54,28,0.659,110.2,105.3,4.67
Denver Nuggets,DEN,2010,53,29,0.646,106.5,102.4,4.15
Atlanta Hawks,ATL,2010,53,29,0.646,101.7,97.0,4.44
Utah Jazz,UTA,2010,53,29,0.646,104.2,98.9,5.33
San Antonio Spurs,SAS,2010,50,32,0.61,101.4,96.3,5.07
Oklahoma City Thunder,OKC,2010,50,32,0.61,101.5,98.0,3.55
Portland Trail Blazers,POR,2010,50,32,0.61,98.1,94.8,3.18
Boston Celtics,BOS,2010,50,32,0.61,99.2,95.6,3.37
Miami Heat,MIA,2010,47,35,0.573,96.5,94.2,1.99
Milwaukee Bucks,MIL,2010,46,36,0.561,97.7,96.0,1.37
Charlotte Bobcats,CHA,2010,44,38,0.537,95.3,93.8,1.3
Houston Rockets,HOU,2010,42,40,0.512,102.4,102.7,-0.02
Chicago Bulls,CHI,2010,41,41,0.5,97.5,99.1,-1.64
Memphis Grizzlies,MEM,2010,40,42,0.488,102.5,104.0,-1.39
Toronto Raptors,TOR,2010,40,42,0.488,104.1,105.9,-1.83
New Orleans Hornets,NOH,2010,37,45,0.451,100.2,102.7,-2.27
Indiana Pacers,IND,2010,32,50,0.39,100.8,103.8,-3.11
Los Angeles Clippers,LAC,2010,29,53,0.354,95.7,102.1,-6.01
New York Knicks,NYK,2010,29,53,0.354,102.1,105.9,-4.01
Philadelphia 76ers,PHI,2010,27,55,0.329,97.7,101.6,-3.93
Detroit Pistons,DET,2010,27,55,0.329,94.0,99.1,-5.02
Golden State Warriors,GSW,2010,26,56,0.317,108.8,112.4,-3.28
Washington Wizards,WAS,2010,26,56,0.317,96.2,101.0,-4.72
Sacramento Kings,SAC,2010,25,57,0.305,100.0,104.4,-4.06
Minnesota Timberwolves,MIN,2010,15,67,0.183,98.2,107.8,-9.06
New Jersey Nets,NJN,2010,12,70,0.146,92.4,101.5,-8.93
Chicago Bulls,CHI,2011,62,20,0.756,98.6,91.3,6.53
San Antonio Spurs,SAS,2011,61,21,0.744,103.7,98.0,5.86
Miami Heat,MIA,2011,58,24,0.707,102.1,94.6,6.76
Dallas Mavericks,DAL,2011,57,25,0.695,100.2,96.0,4.41
Los Angeles Lakers,LAL,2011,57,25,0.695,101.5,95.4,6.01
Boston Celtics,BOS,2011,56,26,0.683,96.5,91.1,4.83
Oklahoma City Thunder,OKC,2011,55,27,0.671,104.8,101.0,3.81
Orlando Magic,ORL,2011,52,30,0.634,99.2,93.7,4.92
Denver Nuggets,DEN,2011,50,32,0.61,107.5,102.7,4.81
Portland Trail Blazers,POR,2011,48,34,0.585,96.3,94.8,1.85
Memphis Grizzlies,MEM,2011,46,36,0.561,99.9,97.6,2.55
New Orleans Hornets,NOH,2011,46,36,0.561,94.9,94.0,1.28
Atlanta Hawks,ATL,2011,44,38,0.537,95.0,95.8,-1.1
Houston Rockets,HOU,2011,43,39,0.524,105.9,103.7,2.37
New York Knicks,NYK,2011,42,40,0.512,106.5,105.7,0.48
Philadelphia 76ers,PHI,2011,41,41,0.5,99.0,97.5,1.01
Phoenix Suns,PHO,2011,40,42,0.488,105.0,105.9,-0.46
Utah Jazz,UTA,2011,39,43,0.476,99.4,101.3,-1.44
Indiana Pacers,IND,2011,37,45,0.451,99.8,100.9,-1.38
Golden State Warriors,GSW,2011,36,46,0.439,103.4,105.7,-2.0
Milwaukee Bucks,MIL,2011,35,47,0.427,91.9,92.7,-1.02
Charlotte Bobcats,CHA,2011,34,48,0.415,93.3,97.3,-4.08
Los Angeles Clippers,LAC,2011,32,50,0.39,98.6,101.8,-2.71
Detroit Pistons,DET,2011,30,52,0.366,97.0,100.6,-3.78
Sacramento Kings,SAC,2011,24,58,0.293,99.4,104.7,-4.8
New Jersey Nets,NJN,2011,24,58,0.293,94.2,100.4,-6.28
Washington Wizards,WAS,2011,23,59,0.28,97.3,104.7,-7.3
Toronto Raptors,TOR,2011,22,60,0.268,99.1,105.4,-6.28
Cleveland Cavaliers,CLE,2011,19,63,0.232,95.5,104.5,-8.88
Minnesota Timberwolves,MIN,2011,17,65,0.207,101.1,107.7,-5.97
San Antonio Spurs,SAS,2012,50,16,0.758,103.7,96.5,7.28
Chicago Bulls,CHI,2012,50,16,0.758,96.3,88.2,7.43
Oklahoma City Thunder,OKC,2012,47,19,0.712,103.1,96.9,6.44
Miami Heat,MIA,2012,46,20,0.697,98.5,92.5,5.72
Indiana Pacers,IND,2012,42,24,0.636,97.7,94.4,2.6
Memphis Grizzlies,MEM,2012,41,25,0.621,95.0,93.0,2.43
Los Angeles Lakers,LAL,2012,41,25,0.621,97.3,95.9,1.96
Los Angeles Clippers,LAC,2012,40,26,0.606,97.5,95.0,2.82
Atlanta Hawks,ATL,2012,40,26,0.606,96.6,93.2,2.67
Boston Celtics,BOS,2012,39,27,0.591,91.8,89.3,2.26
Denver Nuggets,DEN,2012,38,28,0.576,104.1,101.2,3.16
Orlando Magic,ORL,2012,37,29,0.561,94.2,93.4,0.46
Dallas Mavericks,DAL,2012,36,30,0.545,95.8,94.8,1.78
New York Knicks,NYK,2012,36,30,0.545,97.8,94.7,2.39
Utah Jazz,UTA,2012,36,30,0.545,99.7,99.0,0.92
Philadelphia 76ers,PHI,2012,35,31,0.53,93.6,89.4,3.59
Houston Rockets,HOU,2012,34,32,0.515,98.1,97.9,0.57
Phoenix Suns,PHO,2012,33,33,0.5,98.4,98.6,0.29
Milwaukee Bucks,MIL,2012,31,35,0.47,99.0,98.7,-0.23
Portland Trail Blazers,POR,2012,28,38,0.424,97.2,97.8,-0.22
Minnesota Timberwolves,MIN,2012,26,40,0.394,97.9,100.1,-1.83
Detroit Pistons,DET,2012,25,41,0.379,90.9,95.7,-5.19
Golden State Warriors,GSW,2012,23,43,0.348,97.8,101.2,-2.79
Toronto Raptors,TOR,2012,23,43,0.348,90.7,94.0,-3.67
New Jersey Nets,NJN,2012,22,44,0.333,93.1,99.1,-6.37
Sacramento Kings,SAC,2012,22,44,0.333,98.8,104.4,-4.95
Cleveland Cavaliers,CLE,2012,21,45,0.318,93.0,100.2,-7.34
New Orleans Hornets,NOH,2012,21,45,0.318,89.6,93.4,-3.11
Washington Wizards,WAS,2012,20,46,0.303,93.6,98.4,-5.14
Charlotte Bobcats,CHA,2012,7,59,0.106,87.0,100.9,-13.96
Miami Heat,MIA,2013,66,16,0.805,102.9,95.0,7.03
Oklahoma City Thunder,OKC,2013,60,22,0.732,105.7,96.5,9.15
San Antonio Spurs,SAS,2013,58,24,0.707,103.0,96.6,6.67
Denver Nuggets,DEN,2013,57,25,0.695,106.1,101.1,5.37
Memphis Grizzlies,MEM,2013,56,26,0.683,93.4,89.3,4.32
Los Angeles Clippers,LAC,2013,56,26,0.683,101.1,94.6,6.43
New York Knicks,NYK,2013,54,28,0.659,100.0,95.7,3.73
Indiana Pacers,IND,2013,49,32,0.605,94.7,90.7,3.34
Brooklyn Nets,BRK,2013,49,33,0.598,96.9,95.1,1.25
Golden State Warriors,GSW,2013,47,35,0.573,101.2,100.3,1.32
Chicago Bulls,CHI,2013,45,37,0.549,93.2,92.9,-0.02
Houston Rockets,HOU,2013,45,37,0.549,106.0,102.5,3.69
Los Angeles Lakers,LAL,2013,45,37,0.549,102.2,101.0,1.48
Atlanta Hawks,ATL,2013,44,38,0.537,98.0,97.5,-0.08
Utah Jazz,UTA,2013,43,39,0.524,98.0,98.1,0.3
Boston Celtics,BOS,2013,41,40,0.506,96.5,96.7,-0.62
Dallas Mavericks,DAL,2013,41,41,0.5,101.1,101.7,-0.24
Milwaukee Bucks,MIL,2013,38,44,0.463,98.9,100.4,-1.83
Toronto Raptors,TOR,2013,34,48,0.415,97.2,98.7,-1.96
Philadelphia 76ers,PHI,2013,34,48,0.415,93.2,96.5,-3.51
Portland Trail Blazers,POR,2013,33,49,0.402,97.5,100.7,-2.53
Minnesota Timberwolves,MIN,2013,31,51,0.378,95.7,98.1,-1.83
Detroit Pistons,DET,2013,29,53,0.354,94.9,98.8,-4.33
Washington Wizards,WAS,2013,29,53,0.354,93.2,95.8,-2.78
Sacramento Kings,SAC,2013,28,54,0.341,100.2,105.1,-4.26
New Orleans Hornets,NOH,2013,27,55,0.329,94.1,97.9,-3.12
Phoenix Suns,PHO,2013,25,57,0.305,95.2,101.6,-5.75
Cleveland Cavaliers,CLE,2013,24,58,0.293,96.5,101.2,-4.87
Charlotte Bobcats,CHA,2013,21,61,0.256,93.4,102.7,-9.29
Orlando Magic,ORL,2013,20,62,0.244,94.1,101.1,-7.12
San Antonio Spurs,SAS,2014,62,20,0.756,105.4,97.6,8.0
Oklahoma City Thunder,OKC,2014,59,23,0.72,106.2,99.8,6.66
Los Angeles Clippers,LAC,2014,57,25,0.695,107.9,101.0,7.27
Indiana Pacers,IND,2014,56,26,0.683,96.7,92.3,3.63
Portland Trail Blazers,POR,2014,54,28,0.659,106.7,102.8,4.44
Houston Rockets,HOU,2014,54,28,0.659,107.7,103.1,5.06
Miami Heat,MIA,2014,54,28,0.659,102.2,97.4,4.15
Golden State Warriors,GSW,2014,51,31,0.622,104.3,99.5,5.15
Memphis Grizzlies,MEM,2014,50,32,0.61,96.1,94.6,2.18
Dallas Mavericks,DAL,2014,49,33,0.598,104.8,102.4,2.91
Phoenix Suns,PHO,2014,48,34,0.585,105.2,102.6,3.02
Toronto Raptors,TOR,2014,48,34,0.585,101.3,98.0,2.55
Chicago Bulls,CHI,2014,48,34,0.585,93.7,91.8,1.2
Brooklyn Nets,BRK,2014,44,38,0.537,98.5,99.5,-1.58
Washington Wizards,WAS,2014,44,38,0.537,100.7,99.4,0.48
Charlotte Bobcats,CHA,2014,43,39,0.524,96.9,97.1,-0.89
Minnesota Timberwolves,MIN,2014,40,42,0.488,106.9,104.3,3.1
Atlanta Hawks,ATL,2014,38,44,0.463,101.0,101.5,-0.88
New York Knicks,NYK,2014,37,45,0.451,98.6,99.4,-1.4
Denver Nuggets,DEN,2014,36,46,0.439,104.4,106.5,-1.4
New Orleans Pelicans,NOP,2014,34,48,0.415,99.7,102.4,-1.98
Cleveland Cavaliers,CLE,2014,33,49,0.402,98.2,101.5,-3.86
Detroit Pistons,DET,2014,29,53,0.354,101.0,104.7,-4.13
Sacramento Kings,SAC,2014,28,54,0.341,100.5,103.4,-2.08
Los Angeles Lakers,LAL,2014,27,55,0.329,103.0,109.2,-5.33
Utah Jazz,UTA,2014,25,57,0.305,95.0,102.2,-6.27
Boston Celtics,BOS,2014,25,57,0.305,96.2,100.7,-4.97
Orlando Magic,ORL,2014,23,59,0.28,96.5,102.0,-5.88
Philadelphia 76ers,PHI,2014,19,63,0.232,99.5,109.9,-10.66
Milwaukee Bucks,MIL,2014,15,67,0.183,95.5,103.7,-8.41
Golden State Warriors,GSW,2015,67,15,0.817,110.0,99.9,10.01
Atlanta Hawks,ATL,2015,60,22,0.732,102.5,97.1,4.75
Houston Rockets,HOU,2015,56,26,0.683,103.9,100.5,3.82
Los Angeles Clippers,LAC,2015,56,26,0.683,106.7,100.1,6.8
San Antonio Spurs,SAS,2015,55,27,0.671,103.2,97.0,6.34
Memphis Grizzlies,MEM,2015,55,27,0.671,98.3,95.1,3.62
Cleveland Cavaliers,CLE,2015,53,29,0.646,103.1,98.7,4.08
Portland Trail Blazers,POR,2015,51,31,0.622,102.8,98.6,4.41
Dallas Mavericks,DAL,2015,50,32,0.61,105.2,102.3,3.36
Chicago Bulls,CHI,2015,50,32,0.61,100.8,97.8,2.54
Toronto Raptors,TOR,2015,49,33,0.598,104.0,100.9,2.45
Washington Wizards,WAS,2015,46,36,0.561,98.5,97.8,0.17
Oklahoma City Thunder,OKC,2015,45,37,0.549,104.0,101.8,2.47
New Orleans Pelicans,NOP,2015,45,37,0.549,99.4,98.6,1.13
Milwaukee Bucks,MIL,2015,41,41,0.5,97.8,97.4,-0.09
Boston Celtics,BOS,2015,40,42,0.488,101.4,101.2,-0.4
Phoenix Suns,PHO,2015,39,43,0.476,102.4,103.3,-0.38
Utah Jazz,UTA,2015,38,44,0.463,95.1,94.9,0.71
Indiana Pacers,IND,2015,38,44,0.463,97.3,97.0,-0.23
Brooklyn Nets,BRK,2015,38,44,0.463,98.0,100.9,-3.13
Miami Heat,MIA,2015,37,45,0.451,94.7,97.3,-2.92
Charlotte Hornets,CHO,2015,33,49,0.402,94.2,97.3,-3.44
Detroit Pistons,DET,2015,32,50,0.39,98.5,99.5,-1.39
Denver Nuggets,DEN,2015,30,52,0.366,101.5,105.0,-3.07
Sacramento Kings,SAC,2015,29,53,0.354,101.3,105.0,-3.07
Orlando Magic,ORL,2015,25,57,0.305,95.7,101.4,-5.87
Los Angeles Lakers,LAL,2015,21,61,0.256,98.5,105.3,-6.17
Philadelphia 76ers,PHI,2015,18,64,0.22,92.0,101.0,-9.04
New York Knicks,NYK,2015,17,65,0.207,91.9,101.2,-9.5
Minnesota Timberwolves,MIN,2015,16,66,0.195,97.8,106.5,-8.0
Golden State Warriors,GSW,2016,73,9,0.89,114.9,104.1,10.38
San Antonio Spurs,SAS,2016,67,15,0.817,103.5,92.9,10.28
Cleveland Cavaliers,CLE,2016,57,25,0.695,104.3,98.3,5.45
Toronto Raptors,TOR,2016,56,26,0.683,102.7,98.2,4.08
Oklahoma City Thunder,OKC,2016,55,27,0.671,110.2,102.9,7.09
Los Angeles Clippers,LAC,2016,53,29,0.646,104.5,100.2,4.13
Miami Heat,MIA,2016,48,34,0.585,100.0,98.4,1.5
Atlanta Hawks,ATL,2016,48,34,0.585,102.8,99.2,3.49
Charlotte Hornets,CHO,2016,48,34,0.585,103.4,100.7,2.36
Boston Celtics,BOS,2016,48,34,0.585,105.7,102.5,2.84
Indiana Pacers,IND,2016,45,37,0.549,102.2,100.5,1.62
Detroit Pistons,DET,2016,44,38,0.537,102.0,101.4,0.43
Portland Trail Blazers,POR,2016,44,38,0.537,105.1,104.3,0.98
Dallas Mavericks,DAL,2016,42,40,0.512,102.3,102.6,-0.02
Chicago Bulls,CHI,2016,42,40,0.512,101.6,103.1,-1.46
Memphis Grizzlies,MEM,2016,42,40,0.512,99.1,101.3,-2.14
Houston Rockets,HOU,2016,41,41,0.5,106.5,106.4,0.34
Washington Wizards,WAS,2016,41,41,0.5,104.1,104.6,-0.5
Utah Jazz,UTA,2016,40,42,0.488,97.7,95.9,1.84
Orlando Magic,ORL,2016,35,47,0.427,102.1,103.7,-1.68
Denver Nuggets,DEN,2016,33,49,0.402,101.9,105.0,-2.81
Milwaukee Bucks,MIL,2016,33,49,0.402,99.0,103.2,-3.98
Sacramento Kings,SAC,2016,33,49,0.402,106.6,109.1,-2.32
New York Knicks,NYK,2016,32,50,0.39,98.4,101.1,-2.74
New Orleans Pelicans,NOP,2016,30,52,0.366,102.7,106.5,-3.56
Minnesota Timberwolves,MIN,2016,29,53,0.354,102.4,106.0,-3.38
Phoenix Suns,PHO,2016,23,59,0.28,100.9,107.5,-6.32
Brooklyn Nets,BRK,2016,21,61,0.256,98.6,106.0,-7.12
Los Angeles Lakers,LAL,2016,17,65,0.207,97.3,106.9,-8.92
Philadelphia 76ers,PHI,2016,10,72,0.122,97.4,107.6,-9.92
Golden State Warriors,GSW,2017,67,15,0.817,115.9,104.3,11.35
San Antonio Spurs,SAS,2017,61,21,0.744,105.3,98.1,7.13
Houston Rockets,HOU,2017,55,27,0.671,115.3,109.6,5.84
Boston Celtics,BOS,2017,53,29,0.646,108.0,105.4,2.25
Toronto Raptors,TOR,2017,51,31,0.622,106.9,102.6,3.65
Los Angeles Clippers,LAC,2017,51,31,0.622,108.7,104.4,4.42
Utah Jazz,UTA,2017,51,31,0.622,100.7,96.8,4.0
Cleveland Cavaliers,CLE,2017,51,31,0.622,110.3,107.2,2.87
Washington Wizards,WAS,2017,49,33,0.598,109.2,107.4,1.36
Oklahoma City Thunder,OKC,2017,47,35,0.573,106.6,105.8,1.14
Memphis Grizzlies,MEM,2017,43,39,0.524,100.5,100.0,0.96
Atlanta Hawks,ATL,2017,43,39,0.524,103.2,104.0,-1.23
Indiana Pacers,IND,2017,42,40,0.512,105.1,105.3,-0.64
Milwaukee Bucks,MIL,2017,42,40,0.512,103.6,103.8,-0.45
Portland Trail Blazers,POR,2017,41,41,0.5,107.9,108.5,-0.23
Miami Heat,MIA,2017,41,41,0.5,103.2,102.1,0.77
Chicago Bulls,CHI,2017,41,41,0.5,102.9,102.4,0.03
Denver Nuggets,DEN,2017,40,42,0.488,111.7,111.2,0.7
Detroit Pistons,DET,2017,37,45,0.451,101.3,102.5,-1.29
Charlotte Hornets,CHO,2017,36,46,0.439,104.9,104.7,-0.07
New Orleans Pelicans,NOP,2017,34,48,0.415,104.3,106.4,-1.69
Dallas Mavericks,DAL,2017,33,49,0.402,97.9,100.8,-2.53
Sacramento Kings,SAC,2017,32,50,0.39,102.8,106.7,-3.29
Minnesota Timberwolves,MIN,2017,31,51,0.378,105.6,106.7,-0.64
New York Knicks,NYK,2017,31,51,0.378,104.3,108.0,-3.87
Orlando Magic,ORL,2017,29,53,0.354,101.1,107.6,-6.61
Philadelphia 76ers,PHI,2017,28,54,0.341,102.4,108.1,-5.83
Los Angeles Lakers,LAL,2017,26,56,0.317,104.6,111.5,-6.29
Phoenix Suns,PHO,2017,24,58,0.293,107.7,113.3,-5.14
Brooklyn Nets,BRK,2017,20,62,0.244,105.8,112.5,-6.74
Houston Rockets,HOU,2018,65,17,0.793,112.4,103.9,8.21
Toronto Raptors,TOR,2018,59,23,0.72,111.7,103.9,7.29
Golden State Warriors,GSW,2018,58,24,0.707,113.5,107.5,5.79
Boston Celtics,BOS,2018,55,27,0.671,104.0,100.4,3.23
Philadelphia 76ers,PHI,2018,52,30,0.634,109.8,105.3,4.3
Cleveland Cavaliers,CLE,2018,50,32,0.61,110.9,109.9,0.59
Portland Trail Blazers,POR,2018,49,33,0.598,105.6,103.0,2.6
Indiana Pacers,IND,2018,48,34,0.585,105.6,104.2,1.18
New Orleans Pelicans,NOP,2018,48,34,0.585,111.7,110.4,1.48
Utah Jazz,UTA,2018,48,34,0.585,104.1,99.8,4.47
Oklahoma City Thunder,OKC,2018,48,34,0.585,107.9,104.4,3.42
Minnesota Timberwolves,MIN,2018,47,35,0.573,109.5,107.3,2.35
San Antonio Spurs,SAS,2018,47,35,0.573,102.7,99.8,2.89
Denver Nuggets,DEN,2018,46,36,0.561,110.0,108.5,1.57
Milwaukee Bucks,MIL,2018,44,38,0.537,106.5,106.8,-0.45
Miami Heat,MIA,2018,44,38,0.537,103.4,102.9,0.15
Washington Wizards,WAS,2018,43,39,0.524,106.6,106.0,0.53
Los Angeles Clippers,LAC,2018,42,40,0.512,109.0,109.0,0.15
Detroit Pistons,DET,2018,39,43,0.476,103.8,103.9,-0.26
Charlotte Hornets,CHO,2018,36,46,0.439,108.2,108.0,0.07
Los Angeles Lakers,LAL,2018,35,47,0.427,108.1,109.6,-1.44
New York Knicks,NYK,2018,29,53,0.354,104.5,108.0,-3.53
Brooklyn Nets,BRK,2018,28,54,0.341,106.6,110.3,-3.67
Sacramento Kings,SAC,2018,27,55,0.329,98.8,105.8,-6.6
Chicago Bulls,CHI,2018,27,55,0.329,102.9,110.0,-6.84
Orlando Magic,ORL,2018,25,57,0.305,103.4,108.2,-4.92
Atlanta Hawks,ATL,2018,24,58,0.293,103.4,108.8,-5.3
Dallas Mavericks,DAL,2018,24,58,0.293,102.3,105.4,-2.7
Memphis Grizzlies,MEM,2018,22,60,0.268,99.3,105.5,-5.81
Phoenix Suns,PHO,2018,21,61,0.256,103.9,113.3,-8.8
Milwaukee Bucks,MIL,2019,60,22,0.732,118.1,109.3,8.04
Toronto Raptors,TOR,2019,58,24,0.707,114.4,108.4,5.49
Golden State Warriors,GSW,2019,57,25,0.695,117.7,111.2,6.42
Denver Nuggets,DEN,2019,54,28,0.659,110.7,106.7,4.19
Houston Rockets,HOU,2019,53,29,0.646,113.9,109.1,4.96
Portland Trail Blazers,POR,2019,53,29,0.646,114.7,110.5,4.43
Philadelphia 76ers,PHI,2019,51,31,0.622,115.2,112.5,2.25
Utah Jazz,UTA,2019,50,32,0.61,111.7,106.5,5.28
Boston Celtics,BOS,2019,49,33,0.598,112.4,108.0,3.9
Oklahoma City Thunder,OKC,2019,49,33,0.598,114.5,111.1,3.56
Los Angeles Clippers,LAC,2019,48,34,0.585,115.1,114.3,1.09
San Antonio Spurs,SAS,2019,48,34,0.585,111.7,110.0,1.8
Indiana Pacers,IND,2019,48,34,0.585,108.0,104.7,2.76
Orlando Magic,ORL,2019,42,40,0.512,107.3,106.6,0.28
Brooklyn Nets,BRK,2019,42,40,0.512,112.2,112.3,-0.4
Detroit Pistons,DET,2019,41,41,0.5,107.0,107.3,-0.56
Miami Heat,MIA,2019,39,43,0.476,105.7,105.9,-0.45
Charlotte Hornets,CHO,2019,39,43,0.476,110.7,111.8,-1.32
Sacramento Kings,SAC,2019,39,43,0.476,114.2,115.3,-0.81
Los Angeles Lakers,LAL,2019,37,45,0.451,111.8,113.5,-1.33
Minnesota Timberwolves,MIN,2019,36,46,0.439,112.5,114.0,-1.02
Memphis Grizzlies,MEM,2019,33,49,0.402,103.5,106.1,-2.08
New Orleans Pelicans,NOP,2019,33,49,0.402,115.4,116.8,-1.1
Dallas Mavericks,DAL,2019,33,49,0.402,108.9,110.1,-0.87
Washington Wizards,WAS,2019,32,50,0.39,114.0,116.9,-3.3
Atlanta Hawks,ATL,2019,29,53,0.354,113.3,119.4,-6.06
Chicago Bulls,CHI,2019,22,60,0.268,104.9,113.4,-8.32
Phoenix Suns,PHO,2019,19,63,0.232,107.5,116.8,-8.61
Cleveland Cavaliers,CLE,2019,19,63,0.232,104.5,114.1,-9.39
New York Knicks,NYK,2019,17,65,0.207,104.6,113.8,-8.93
Milwaukee Bucks,MIL,2020,56,17,0.767,118.7,108.6,9.41
Toronto Raptors,TOR,2020,53,19,0.736,112.8,106.5,5.97
Los Angeles Lakers,LAL,2020,52,19,0.732,113.4,107.6,6.28
Los Angeles Clippers,LAC,2020,49,23,0.681,116.3,109.9,6.66
Boston Celtics,BOS,2020,48,24,0.667,113.7,107.3,5.83
Denver Nuggets,DEN,2020,46,27,0.63,111.3,109.2,2.35
Indiana Pacers,IND,2020,45,28,0.616,109.4,107.5,1.63
Oklahoma City Thunder,OKC,2020,44,28,0.611,110.4,108.4,2.33
Houston Rockets,HOU,2020,44,28,0.611,117.8,114.8,3.13
Utah Jazz,UTA,2020,44,28,0.611,111.3,108.8,2.52
Miami Heat,MIA,2020,44,29,0.603,112.0,109.1,2.59
Philadelphia 76ers,PHI,2020,43,30,0.589,110.7,108.4,2.25
Dallas Mavericks,DAL,2020,43,32,0.573,117.0,112.1,4.87
Brooklyn Nets,BRK,2020,35,37,0.486,111.8,112.3,-1.01
Portland Trail Blazers,POR,2020,35,39,0.473,115.0,116.1,-0.61
Phoenix Suns,PHO,2020,34,39,0.466,113.6,113.4,0.56
Memphis Grizzlies,MEM,2020,34,39,0.466,112.6,113.7,-0.91
Orlando Magic,ORL,2020,33,40,0.452,107.3,108.3,-0.93
San Antonio Spurs,SAS,2020,32,39,0.451,114.1,115.2,-0.65
Sacramento Kings,SAC,2020,31,41,0.431,110.1,112.1,-1.59
New Orleans Pelicans,NOP,2020,30,42,0.417,115.8,117.1,-0.55
Charlotte Hornets,CHO,2020,23,42,0.354,102.9,109.6,-7.03
Washington Wizards,WAS,2020,25,47,0.347,114.4,119.1,-5.24
Chicago Bulls,CHI,2020,22,43,0.338,106.8,109.9,-4.0
New York Knicks,NYK,2020,21,45,0.318,105.8,112.3,-6.72
Detroit Pistons,DET,2020,20,46,0.303,107.2,110.8,-4.38
Atlanta Hawks,ATL,2020,20,47,0.299,111.8,119.7,-7.71
Minnesota Timberwolves,MIN,2020,19,45,0.297,113.3,117.5,-4.02
Cleveland Cavaliers,CLE,2020,19,46,0.292,106.9,114.8,-7.77
Golden State Warriors,GSW,2020,15,50,0.231,106.3,115.0,-8.12
Utah Jazz,UTA,2021,52,20,0.722,116.4,107.2,8.97
Phoenix Suns,PHO,2021,51,21,0.708,115.3,109.5,5.67
Philadelphia 76ers,PHI,2021,49,23,0.681,113.6,108.1,5.28
Brooklyn Nets,BRK,2021,48,24,0.667,118.6,114.1,4.24
Denver Nuggets,DEN,2021,47,25,0.653,115.1,110.1,4.82
Los Angeles Clippers,LAC,2021,47,25,0.653,114.0,107.8,6.02
Milwaukee Bucks,MIL,2021,46,26,0.639,120.1,114.2,5.57
Dallas Mavericks,DAL,2021,42,30,0.583,112.4,110.2,2.26
Los Angeles Lakers,LAL,2021,42,30,0.583,109.5,106.8,2.77
Portland Trail Blazers,POR,2021,42,30,0.583,116.1,114.3,1.81
Atlanta Hawks,ATL,2021,41,31,0.569,113.7,111.4,2.14
New York Knicks,NYK,2021,41,31,0.569,107.0,104.7,2.13
Miami Heat,MIA,2021,40,32,0.556,108.1,108.0,-0.06
Golden State Warriors,GSW,2021,39,33,0.542,113.7,112.7,1.1
Memphis Grizzlies,MEM,2021,38,34,0.528,113.3,112.3,1.07
Boston Celtics,BOS,2021,36,36,0.5,112.6,111.2,1.32
Washington Wizards,WAS,2021,34,38,0.472,116.6,118.5,-1.85
Indiana Pacers,IND,2021,34,38,0.472,115.3,115.3,-0.13
Charlotte Hornets,CHO,2021,33,39,0.458,109.5,111.4,-1.94
San Antonio Spurs,SAS,2021,33,39,0.458,111.1,112.8,-1.58
Sacramento Kings,SAC,2021,31,41,0.431,113.7,117.4,-3.45
Chicago Bulls,CHI,2021,31,41,0.431,110.7,111.6,-0.94
New Orleans Pelicans,NOP,2021,31,41,0.431,114.6,114.9,-0.2
Toronto Raptors,TOR,2021,27,45,0.375,111.3,111.7,-0.54
Minnesota Timberwolves,MIN,2021,23,49,0.319,112.1,117.7,-5.25
Oklahoma City Thunder,OKC,2021,22,50,0.306,105.0,115.6,-10.13
Cleveland Cavaliers,CLE,2021,22,50,0.306,103.8,112.3,-8.19
Orlando Magic,ORL,2021,21,51,0.292,104.0,113.3,-9.02
Detroit Pistons,DET,2021,20,52,0.278,106.6,111.1,-4.38
Houston Rockets,HOU,2021,17,55,0.236,108.8,116.7,-7.5
Phoenix Suns,PHO,2022,64,18,0.78,114.8,107.3,6.94
Memphis Grizzlies,MEM,2022,56,26,0.683,115.6,109.9,5.37
Miami Heat,MIA,2022,53,29,0.646,110.0,105.6,4.23
Golden State Warriors,GSW,2022,53,29,0.646,111.0,105.5,5.52
Dallas Mavericks,DAL,2022,52,30,0.634,108.0,104.7,3.12
Boston Celtics,BOS,2022,51,31,0.622,111.8,104.5,7.02
Milwaukee Bucks,MIL,2022,51,31,0.622,115.5,112.1,3.22
Philadelphia 76ers,PHI,2022,51,31,0.622,109.9,107.3,2.57
Utah Jazz,UTA,2022,49,33,0.598,113.6,107.6,5.67
Toronto Raptors,TOR,2022,48,34,0.585,109.4,107.1,2.38
Denver Nuggets,DEN,2022,48,34,0.585,112.7,110.4,2.16
Minnesota Timberwolves,MIN,2022,46,36,0.561,115.9,113.3,2.53
Chicago Bulls,CHI,2022,46,36,0.561,111.6,112.0,-0.38
Cleveland Cavaliers,CLE,2022,44,38,0.537,107.8,105.7,2.04
Brooklyn Nets,BRK,2022,44,38,0.537,112.9,112.1,0.82
Atlanta Hawks,ATL,2022,43,39,0.524,113.9,112.4,1.55
Charlotte Hornets,CHO,2022,43,39,0.524,115.3,114.9,0.53
Los Angeles Clippers,LAC,2022,42,40,0.512,108.4,108.4,0.09
New York Knicks,NYK,2022,37,45,0.451,106.5,106.6,-0.01
New Orleans Pelicans,NOP,2022,36,46,0.439,109.3,110.3,-0.84
Washington Wizards,WAS,2022,35,47,0.427,108.6,112.0,-3.23
San Antonio Spurs,SAS,2022,34,48,0.415,113.2,113.0,0.02
Los Angeles Lakers,LAL,2022,33,49,0.402,112.1,115.1,-3.08
Sacramento Kings,SAC,2022,30,52,0.366,110.3,115.8,-5.26
Portland Trail Blazers,POR,2022,27,55,0.329,106.2,115.1,-8.55
Indiana Pacers,IND,2022,25,57,0.305,111.5,114.9,-3.26
Oklahoma City Thunder,OKC,2022,24,58,0.293,103.7,111.8,-7.9
Detroit Pistons,DET,2022,23,59,0.28,104.8,112.5,-7.36
Orlando Magic,ORL,2022,22,60,0.268,104.2,112.2,-7.67
Houston Rockets,HOU,2022,20,62,0.244,109.7,118.2,-8.26
Milwaukee Bucks,MIL,2023,58,24,0.707,116.9,113.3,3.61
Boston Celtics,BOS,2023,57,25,0.695,117.9,111.4,6.38
Philadelphia 76ers,PHI,2023,54,28,0.659,115.2,110.9,4.37
Denver Nuggets,DEN,2023,53,29,0.646,115.8,112.5,3.04
Cleveland Cavaliers,CLE,2023,51,31,0.622,112.3,106.9,5.23
Memphis Grizzlies,MEM,2023,51,31,0.622,116.9,113.0,3.6
Sacramento Kings,SAC,2023,48,34,0.585,120.7,118.1,2.3
New York Knicks,NYK,2023,47,35,0.573,116.0,113.1,2.99
Phoenix Suns,PHO,2023,45,37,0.549,113.6,111.6,2.08
Brooklyn Nets,BRK,2023,45,37,0.549,113.4,112.5,1.03
Miami Heat,MIA,2023,44,38,0.537,109.5,109.8,-0.13
Golden State Warriors,GSW,2023,44,38,0.537,118.9,117.1,1.66
Los Angeles Clippers,LAC,2023,44,38,0.537,113.6,113.1,0.31
Los Angeles Lakers,LAL,2023,43,39,0.524,117.2,116.6,0.43
New Orleans Pelicans,NOP,2023,42,40,0.512,114.4,112.5,1.63
Minnesota Timberwolves,MIN,2023,42,40,0.512,115.8,115.8,-0.22
Toronto Raptors,TOR,2023,41,41,0.5,112.9,111.4,1.59
Atlanta Hawks,ATL,2023,41,41,0.5,118.4,118.1,0.32
Oklahoma City Thunder,OKC,2023,40,42,0.488,117.5,116.4,0.96
Chicago Bulls,CHI,2023,40,42,0.488,113.1,111.8,1.37
Dallas Mavericks,DAL,2023,38,44,0.463,114.2,114.1,-0.14
Utah Jazz,UTA,2023,37,45,0.451,117.1,118.0,-1.03
Washington Wizards,WAS,2023,35,47,0.427,113.2,114.4,-1.06
Indiana Pacers,IND,2023,35,47,0.427,116.3,119.5,-2.91
Orlando Magic,ORL,2023,34,48,0.415,111.4,114.0,-2.39
Portland Trail Blazers,POR,2023,33,49,0.402,113.4,117.4,-3.96
Charlotte Hornets,CHO,2023,27,55,0.329,111.0,117.2,-5.89
Houston Rockets,HOU,2023,22,60,0.268,110.7,118.6,-7.62
San Antonio Spurs,SAS,2023,22,60,0.268,113.0,123.1,-9.82
Detroit Pistons,DET,2023,17,65,0.207,110.3,118.5,-7.73
